Irms1,Irms2,Irms3,
0.216944,0.217428,0.217179,
0.257479,0.258665,0.259261,
0.235711,0.234378,0.233490,
0.225160,0.225130,0.223702,
0.213715,0.214390,0.214683,
0.236404,0.235736,0.235864,
0.233013,0.233531,0.233299,
0.233249,0.233192,0.233850,
0.234411,0.234082,0.234321,
0.235692,0.235977,0.235465,
0.237136,0.237160,0.236720,
0.234609,0.234520,0.234167,
0.234682,0.236195,0.235178,
0.236093,0.236319,0.235984,
0.234602,0.234311,0.233777,
0.234282,0.234090,0.234075,
0.235349,0.235273,0.236427,
0.236784,0.236172,0.236912,
0.232689,0.232778,0.232159,
0.233110,0.233847,0.232867,
0.236883,0.235125,0.234946,
0.236110,0.235680,0.235945,
0.232679,0.233322,0.233216,
0.234057,0.233394,0.234306,
0.233463,0.234011,0.233417,
0.231815,0.231872,0.233105,
0.230689,0.230615,0.232318,
0.233996,0.234105,0.234287,
0.232541,0.233700,0.232658,
0.232240,0.231905,0.232243,
0.232885,0.234220,0.235377,
0.233345,0.233841,0.234151,
0.235545,0.235744,0.235860,
0.235062,0.234831,0.235263,
0.236127,0.235641,0.235354,
0.231418,0.231077,0.230810,
0.236380,0.236476,0.237536,
0.232747,0.233367,0.233451,
0.234001,0.234031,0.234318,
0.234822,0.234335,0.235223,
0.234720,0.235377,0.235130,
0.229821,0.229851,0.230608,
0.239373,0.238018,0.237305,
0.236236,0.236365,0.235342,
0.235106,0.236120,0.235794,
0.234667,0.234379,0.235162,
0.234389,0.234646,0.234304,
0.235382,0.236209,0.235910,
0.236511,0.235424,0.235741,
0.234983,0.236279,0.236380,
0.235418,0.235629,0.235252,
0.233178,0.233279,0.234129,
0.235862,0.236087,0.236050,
0.236211,0.236964,0.236205,
0.235538,0.234489,0.236109,
0.235321,0.235587,0.235295,
0.233859,0.234712,0.234915,
0.234781,0.234838,0.234541,
0.236022,0.235972,0.236793,
0.237811,0.238649,0.238479,
0.238291,0.240045,0.239801,
0.233684,0.233893,0.233975,
0.232063,0.233801,0.233310,
0.232714,0.232099,0.232137,
0.232856,0.233304,0.233487,
0.235348,0.236109,0.236538,
0.235240,0.234199,0.234662,
0.235538,0.235634,0.235144,
0.235566,0.235805,0.235692,
0.235790,0.235116,0.235417,
0.234244,0.233617,0.233669,
0.234801,0.234842,0.233754,
0.232305,0.232285,0.232802,
0.235865,0.235742,0.236999,
0.230711,0.230407,0.231465,
0.234141,0.234368,0.234610,
0.235403,0.234008,0.235008,
0.232205,0.232445,0.232092,
0.228946,0.229539,0.229209,
0.236672,0.236085,0.235373,
0.235903,0.234889,0.235126,
0.232415,0.232447,0.232374,
0.230184,0.230361,0.231868,
0.233985,0.232843,0.233385,
0.233432,0.232425,0.231657,
0.236491,0.235534,0.236213,
0.236552,0.236646,0.236980,
0.233626,0.235011,0.231788,
0.233646,0.232133,0.232005,
0.231200,0.231061,0.231343,
0.236107,0.236541,0.237470,
0.232504,0.232480,0.232246,
0.235174,0.235602,0.235924,
0.234828,0.234207,0.234598,
0.236356,0.236257,0.235113,
0.235014,0.235474,0.236130,
0.237351,0.235490,0.236114,
0.234981,0.235010,0.234407,
0.235379,0.234480,0.234410,
0.235418,0.236002,0.235259,
0.233037,0.233314,0.232646,
0.231667,0.232569,0.233234,
0.238271,0.238861,0.239252,
0.235606,0.234300,0.235194,
0.232777,0.233441,0.234016,
0.230966,0.231746,0.233955,
0.234421,0.235001,0.234945,
0.234693,0.234327,0.235328,
0.232496,0.232244,0.233245,
0.235236,0.235490,0.235844,
0.234772,0.235050,0.234805,
0.234154,0.233629,0.233697,
0.234364,0.234573,0.234536,
0.235436,0.236105,0.235578,
0.232831,0.233765,0.232623,
0.231780,0.234657,0.232689,
0.233651,0.233594,0.233906,
0.233960,0.233196,0.233937,
0.232887,0.231699,0.231095,
0.232499,0.232518,0.233116,
0.234476,0.234405,0.235055,
0.237273,0.236162,0.237139,
0.232289,0.231737,0.231787,
0.235146,0.234962,0.235015,
0.234690,0.235205,0.235523,
0.232700,0.233269,0.232697,
0.231313,0.231496,0.231392,
0.229580,0.230989,0.232259,
0.234960,0.235920,0.234499,
0.234914,0.234402,0.235262,
0.233489,0.232917,0.233081,
0.233655,0.234413,0.233539,
0.235617,0.235768,0.236069,
0.236474,0.236656,0.236505,
0.238190,0.236481,0.236939,
0.232397,0.232004,0.232608,
0.234500,0.234819,0.235125,
0.234683,0.234768,0.235283,
0.233546,0.233412,0.233517,
0.238447,0.239294,0.240651,
0.231578,0.231792,0.232402,
0.234571,0.235243,0.235531,
0.233957,0.232928,0.233781,
0.237531,0.237265,0.236234,
0.234167,0.233818,0.233507,
0.233721,0.233957,0.233034,
0.234771,0.236275,0.235881,
0.234820,0.234952,0.235589,
0.233951,0.233471,0.232779,
0.234426,0.235128,0.234957,
0.234476,0.234419,0.234112,
0.234823,0.234765,0.235531,
0.232765,0.234290,0.233889,
0.232124,0.232039,0.233146,
0.232183,0.231628,0.231873,
0.232852,0.232736,0.233257,
0.235013,0.235646,0.235821,
0.234465,0.235653,0.235261,
0.235827,0.235281,0.236701,
0.231675,0.232521,0.232565,
0.234672,0.234219,0.234979,
0.235060,0.235391,0.235227,
0.234538,0.235427,0.236045,
0.231735,0.232304,0.233526,
0.229427,0.230921,0.230593,
0.236603,0.237082,0.236171,
0.234643,0.234588,0.234757,
0.231344,0.230985,0.231340,
0.233939,0.234502,0.235279,
0.235156,0.235917,0.236011,
0.232427,0.233440,0.233821,
0.236591,0.237151,0.236897,
0.235332,0.235260,0.236123,
0.234699,0.234426,0.235395,
0.236570,0.236816,0.236764,
0.235591,0.234796,0.235243,
0.237642,0.236986,0.238359,
0.236228,0.237173,0.237419,
0.237311,0.237277,0.237669,
0.236161,0.236086,0.236122,
0.235333,0.235034,0.236152,
0.234823,0.234511,0.234883,
0.238124,0.238189,0.238584,
0.235738,0.235569,0.235486,
0.236586,0.236607,0.236599,
0.233851,0.232448,0.232078,
0.234777,0.235396,0.234840,
0.235330,0.236105,0.236073,
0.231355,0.231431,0.231763,
0.233244,0.233169,0.234273,
0.234336,0.234519,0.234405,
0.234182,0.234653,0.234224,
0.234832,0.233780,0.233171,
0.234565,0.234746,0.234528,
0.234655,0.235201,0.234508,
0.237554,0.237776,0.237794,
0.235250,0.235006,0.235598,
0.234286,0.235088,0.234600,
0.234639,0.234799,0.234717,
0.235632,0.235163,0.235131,
0.236674,0.236404,0.236528,
0.231535,0.231385,0.231650,
0.233906,0.234011,0.234148,
0.235362,0.233723,0.233885,
0.234615,0.234940,0.235056,
0.233735,0.233821,0.233869,
0.233948,0.233910,0.234174,
0.231124,0.231250,0.230884,
0.235833,0.236264,0.235986,
0.234205,0.234530,0.234563,
0.233302,0.232938,0.233177,
0.232630,0.232960,0.232057,
0.233031,0.232922,0.232283,
0.237574,0.237564,0.239290,
0.235875,0.235552,0.235813,
0.236145,0.236517,0.237099,
0.233685,0.234636,0.234749,
0.236281,0.234878,0.234401,
0.232745,0.233345,0.233115,
0.236431,0.237139,0.237055,
0.236041,0.234977,0.235588,
0.236135,0.233515,0.233024,
0.232563,0.232622,0.232907,
0.232596,0.232268,0.232499,
0.235290,0.235910,0.235124,
0.238604,0.238682,0.238522,
0.236150,0.235108,0.235306,
0.231703,0.231706,0.232365,
0.232220,0.234074,0.234190,
0.233316,0.233792,0.234606,
0.232111,0.231993,0.232132,
0.236066,0.236502,0.236854,
0.235145,0.236035,0.236168,
0.233964,0.233280,0.233627,
0.233186,0.233479,0.233592,
0.231910,0.232929,0.234870,
0.235688,0.235847,0.236339,
0.231594,0.231586,0.231593,
0.237725,0.237400,0.237524,
0.235784,0.235762,0.237300,
0.234580,0.235146,0.234889,
0.235769,0.236786,0.235867,
0.236672,0.235278,0.235655,
0.231669,0.230855,0.231146,
0.231099,0.233134,0.233369,
0.235103,0.235361,0.234856,
0.234724,0.235292,0.235460,
0.233979,0.233823,0.234099,
0.234360,0.232875,0.234225,
0.233102,0.233940,0.234497,
0.230473,0.230378,0.230575,
0.233230,0.232313,0.233198,
0.234051,0.234126,0.235725,
0.236023,0.235483,0.235215,
0.234218,0.233409,0.233715,
0.234392,0.234282,0.234376,
0.232741,0.231982,0.232320,
0.235254,0.235355,0.235246,
0.234245,0.234920,0.235219,
0.236867,0.236112,0.235361,
0.237755,0.237422,0.236573,
0.236035,0.236824,0.235864,
0.239508,0.239732,0.239995,
0.233803,0.233716,0.233431,
0.232740,0.232865,0.231943,
0.233896,0.232877,0.232956,
0.235035,0.235681,0.234841,
0.233406,0.233022,0.233498,
0.235938,0.236019,0.235692,
0.233386,0.232934,0.233545,
0.231773,0.233187,0.235175,
0.235010,0.235574,0.235981,
0.233182,0.232580,0.232859,
0.232673,0.232560,0.231518,
0.231353,0.230440,0.231358,
0.235470,0.234331,0.234261,
0.233469,0.232136,0.231893,
0.236078,0.236298,0.236219,
0.233501,0.232254,0.232937,
0.234663,0.235020,0.235463,
0.230442,0.230221,0.231256,
0.236232,0.235887,0.236194,
0.232991,0.232966,0.234277,
0.236208,0.235707,0.235933,
0.235836,0.235842,0.236282,
0.232570,0.232309,0.232185,
0.235010,0.235241,0.235978,
0.234813,0.234965,0.235727,
0.233192,0.233220,0.233564,
0.234662,0.234827,0.234548,
0.232736,0.233476,0.233713,
0.233501,0.233465,0.232552,
0.233322,0.233936,0.234448,
0.232476,0.230940,0.230926,
0.236073,0.236057,0.236077,
0.235161,0.235037,0.234711,
0.232371,0.232461,0.233460,
0.236575,0.236652,0.236711,
0.233439,0.233887,0.234181,
0.234542,0.234207,0.235081,
0.234572,0.235392,0.235025,
0.234241,0.234672,0.234751,
0.232687,0.234072,0.234091,
0.235307,0.236010,0.236750,
0.235526,0.235806,0.236468,
0.237768,0.236784,0.237401,
0.235452,0.235142,0.234701,
0.231324,0.232322,0.233084,
0.232890,0.233268,0.234455,
0.231626,0.230977,0.231650,
0.232728,0.232676,0.232944,
0.236443,0.237102,0.235832,
0.236228,0.237111,0.235280,
0.234683,0.234157,0.234092,
0.231467,0.232349,0.232892,
0.232109,0.231662,0.232258,
0.232954,0.232810,0.232876,
0.230987,0.229530,0.228471,
0.234713,0.233912,0.234204,
0.232802,0.231827,0.232773,
0.232283,0.231241,0.231383,
0.234010,0.233384,0.233396,
0.235051,0.234551,0.234027,
0.232669,0.232902,0.233005,
0.232227,0.231364,0.232126,
0.235806,0.235772,0.235766,
0.234473,0.234729,0.234666,
0.236715,0.235131,0.235254,
0.235147,0.235457,0.235801,
0.229149,0.230767,0.230410,
0.232898,0.232237,0.231918,
0.231666,0.231369,0.231293,
0.235557,0.235418,0.235394,
0.233183,0.232795,0.233471,
0.233703,0.233234,0.231918,
0.234232,0.233471,0.233448,
0.232188,0.232955,0.234242,
0.236020,0.236929,0.236540,
0.234089,0.234057,0.234133,
0.233504,0.232636,0.232137,
0.234625,0.234162,0.234671,
0.232080,0.231625,0.231475,
0.235710,0.235528,0.235535,
0.235050,0.235884,0.235750,
0.236154,0.235954,0.236024,
0.233955,0.233986,0.234019,
0.233143,0.232281,0.231880,
0.233569,0.232650,0.232671,
0.237886,0.238024,0.237708,
0.235629,0.235831,0.237971,
0.234832,0.234377,0.235454,
0.234503,0.234091,0.234527,
0.235806,0.234053,0.233194,
0.233369,0.232755,0.232955,
0.231609,0.231729,0.231798,
0.232493,0.232616,0.233080,
0.232699,0.233714,0.234497,
0.232090,0.231917,0.231145,
0.234549,0.233840,0.234916,
0.235362,0.235204,0.234844,
0.229655,0.228460,0.228022,
0.232584,0.232544,0.232085,
0.233560,0.233310,0.233572,
0.235565,0.236165,0.236782,
0.234878,0.234282,0.234482,
0.232426,0.232341,0.232198,
0.233048,0.233102,0.232668,
0.234558,0.234713,0.234123,
0.234767,0.235042,0.235101,
0.235821,0.236406,0.237643,
0.234835,0.234535,0.234270,
0.234009,0.234239,0.234081,
0.230395,0.230489,0.230194,
0.233638,0.233425,0.232769,
0.232903,0.233530,0.234038,
0.232584,0.232847,0.233427,
0.234906,0.235167,0.234024,
0.236433,0.235572,0.236050,
0.231910,0.231934,0.232552,
0.232562,0.232445,0.232631,
0.235408,0.235996,0.236464,
0.234057,0.233731,0.233613,
0.235765,0.233556,0.234412,
0.233725,0.234329,0.234256,
0.233545,0.235134,0.234790,
0.238160,0.237930,0.237881,
0.234918,0.234931,0.235636,
0.234599,0.235629,0.236517,
0.234826,0.234834,0.235469,
0.235111,0.235136,0.235829,
0.236627,0.235572,0.235734,
0.240608,0.241676,0.241269,
0.234979,0.234178,0.235482,
0.234277,0.234648,0.235789,
0.234052,0.233797,0.234532,
0.233711,0.233555,0.234106,
0.232740,0.233624,0.234229,
0.234503,0.234904,0.236248,
0.234599,0.233936,0.233300,
0.233623,0.234212,0.233782,
0.234794,0.234798,0.235419,
0.235013,0.235102,0.234797,
0.235530,0.237004,0.236552,
0.234558,0.233900,0.235126,
0.235135,0.233966,0.233551,
0.234228,0.234396,0.233964,
0.233169,0.233431,0.232883,
0.233797,0.233741,0.234456,
0.232617,0.232592,0.232272,
0.236661,0.235460,0.235485,
0.236316,0.235430,0.236195,
0.234202,0.233643,0.234179,
0.234297,0.233903,0.234358,
0.233540,0.232712,0.233155,
0.235278,0.236679,0.236808,
0.231399,0.232335,0.231807,
0.231771,0.232923,0.234576,
0.235317,0.235870,0.236239,
0.235786,0.235665,0.235411,
0.234567,0.233865,0.234078,
0.232435,0.232450,0.231997,
0.234737,0.235747,0.234982,
0.235036,0.234389,0.234378,
0.231835,0.230756,0.232843,
0.237016,0.236974,0.236314,
0.234496,0.234173,0.234963,
0.234794,0.235027,0.235226,
0.236076,0.236178,0.236975,
0.236866,0.236848,0.238359,
0.231374,0.231378,0.232624,
0.232486,0.234024,0.232580,
0.234564,0.234407,0.233722,
0.237189,0.237102,0.238062,
0.233648,0.234033,0.233733,
0.239204,0.239894,0.240470,
0.233843,0.234223,0.234930,
0.233508,0.233355,0.232599,
0.233889,0.234107,0.233995,
0.234821,0.233875,0.233373,
0.234360,0.234339,0.233865,
0.231636,0.232457,0.231915,
0.233816,0.234157,0.235181,
0.234100,0.234848,0.234168,
0.234733,0.234278,0.233815,
0.235367,0.236139,0.236225,
0.234383,0.233590,0.234164,
0.231347,0.232280,0.231918,
0.234557,0.234351,0.234951,
0.234864,0.234634,0.234243,
0.233963,0.235643,0.236212,
0.231684,0.231444,0.233040,
0.234569,0.234868,0.235302,
0.234690,0.235060,0.234958,
0.235142,0.235405,0.235509,
0.236992,0.235745,0.234646,
0.234962,0.235033,0.235362,
0.234987,0.234396,0.235248,
0.234949,0.233901,0.233954,
0.231735,0.231051,0.231805,
0.230601,0.230881,0.231629,
0.231648,0.231485,0.230591,
0.232674,0.232290,0.232406,
0.231611,0.231865,0.231423,
0.230392,0.231777,0.232772,
0.238719,0.238286,0.237452,
0.234788,0.235160,0.235055,
0.234440,0.234095,0.234598,
0.235315,0.236467,0.235495,
0.232875,0.234005,0.234084,
0.233542,0.233852,0.233758,
0.232718,0.233065,0.233086,
0.238064,0.238821,0.238852,
0.236472,0.236339,0.236220,
0.234419,0.235161,0.234043,
0.233425,0.233518,0.233558,
0.233125,0.233002,0.232530,
0.233600,0.233743,0.233539,
0.237333,0.237366,0.236992,
0.234630,0.233466,0.233698,
0.228501,0.229264,0.228835,
0.232999,0.232874,0.232731,
0.234806,0.234862,0.235481,
0.234862,0.234868,0.233999,
0.233527,0.233471,0.233773,
0.233417,0.233341,0.233276,
0.233313,0.233175,0.234518,
0.233947,0.234435,0.236082,
0.235233,0.235513,0.235737,
0.234944,0.234804,0.234806,
0.233040,0.233013,0.233640,
0.233551,0.233410,0.234010,
0.236546,0.235858,0.234689,
0.233208,0.233549,0.234067,
0.233349,0.233789,0.233909,
0.234256,0.234250,0.235390,
0.230204,0.230125,0.230597,
0.233862,0.234113,0.233886,
0.234267,0.233638,0.234048,
0.234226,0.233578,0.234141,
0.236272,0.236073,0.236008,
0.234344,0.234118,0.235016,
0.230769,0.230588,0.231156,
0.234555,0.233525,0.233699,
0.233357,0.233898,0.233856,
0.232813,0.232074,0.232392,
0.233465,0.233611,0.233482,
0.233783,0.233868,0.233478,
0.236547,0.235354,0.235673,
0.231067,0.231211,0.232029,
0.233066,0.232388,0.232887,
0.233989,0.234187,0.235758,
0.233819,0.233248,0.234046,
0.233373,0.233606,0.233396,
0.235556,0.237235,0.236518,
0.237963,0.237750,0.237869,
0.232247,0.233648,0.233374,
0.234224,0.232985,0.233109,
0.233595,0.233854,0.234063,
0.232728,0.232212,0.231745,
0.234424,0.234462,0.235895,
0.237156,0.237072,0.237698,
0.234066,0.234835,0.234307,
0.234039,0.232516,0.233179,
0.233482,0.233608,0.234597,
0.234662,0.234683,0.233784,
0.233592,0.233738,0.234598,
0.230478,0.230546,0.230621,
0.235483,0.235659,0.235350,
0.234530,0.234582,0.235448,
0.233543,0.234406,0.235692,
0.233449,0.233829,0.233716,
0.232754,0.232057,0.232582,
0.231601,0.231315,0.231603,
0.233825,0.234665,0.234381,
0.235930,0.235378,0.235085,
0.234847,0.234853,0.236003,
0.232996,0.233159,0.234024,
0.233327,0.233357,0.232865,
0.231026,0.230527,0.231941,
0.236080,0.235131,0.235776,
0.234293,0.234701,0.234640,
0.233663,0.234366,0.234247,
0.234218,0.234760,0.235426,
0.235338,0.236047,0.235808,
0.234833,0.235204,0.234971,
0.236277,0.236739,0.237631,
0.235065,0.236021,0.235722,
0.233013,0.232930,0.231583,
0.233754,0.233919,0.233991,
0.230831,0.230921,0.232820,
0.234670,0.234039,0.232995,
0.232850,0.233090,0.234036,
0.235708,0.236995,0.237227,
0.234394,0.234387,0.234221,
0.234890,0.234077,0.234553,
0.235904,0.236552,0.235917,
0.235212,0.235206,0.235026,
0.240784,0.238675,0.237782,
0.236678,0.235655,0.235587,
0.233365,0.233480,0.233245,
0.234193,0.233680,0.234045,
0.232878,0.233310,0.234501,
0.232884,0.234367,0.234986,
0.236126,0.235916,0.236210,
0.232227,0.232192,0.233468,
0.233060,0.233391,0.232918,
0.233570,0.232985,0.233966,
0.233314,0.231794,0.232237,
0.231042,0.232090,0.233624,
0.230760,0.230980,0.232668,
0.235364,0.235317,0.235281,
0.234763,0.235329,0.236019,
0.234964,0.235309,0.235687,
0.234056,0.234487,0.235240,
0.232766,0.233278,0.235113,
0.233181,0.233041,0.233111,
0.234598,0.234989,0.235017,
0.236925,0.235629,0.234750,
0.234695,0.236446,0.236180,
0.233618,0.233556,0.234088,
0.235431,0.235095,0.235228,
0.228711,0.229205,0.230684,
0.232869,0.233466,0.234763,
0.235135,0.234646,0.235436,
0.232054,0.231752,0.232474,
0.233231,0.232183,0.232993,
0.235793,0.235914,0.237004,
0.233052,0.233007,0.233027,
0.235566,0.235133,0.236162,
0.234465,0.233978,0.234545,
0.233746,0.234352,0.234529,
0.233542,0.233755,0.234357,
0.233893,0.233701,0.234285,
0.236899,0.238445,0.236471,
0.234566,0.234691,0.234666,
0.235191,0.234988,0.235667,
0.233867,0.234145,0.233387,
0.234241,0.233800,0.233933,
0.234974,0.234330,0.235494,
0.234288,0.234601,0.235248,
0.233429,0.234097,0.233801,
0.234210,0.233716,0.234701,
0.235653,0.235292,0.235175,
0.235912,0.234262,0.234166,
0.234592,0.233830,0.233691,
0.232505,0.231836,0.232457,
0.235406,0.234959,0.235417,
0.235065,0.234753,0.235777,
0.236068,0.237100,0.237442,
0.233744,0.234148,0.234510,
0.233354,0.233733,0.234455,
0.235080,0.234404,0.235376,
0.230526,0.230083,0.230156,
0.235499,0.234893,0.234986,
0.236892,0.236750,0.238475,
0.236326,0.237219,0.235884,
0.232527,0.233070,0.232361,
0.233723,0.232702,0.233363,
0.229375,0.229730,0.229290,
0.232332,0.231677,0.232234,
0.233992,0.233793,0.233993,
0.233006,0.231865,0.231389,
0.234014,0.233870,0.234466,
0.236109,0.235829,0.235121,
0.230373,0.230893,0.231652,
0.231775,0.234616,0.234906,
0.235494,0.235753,0.236047,
0.234246,0.234523,0.234128,
0.233074,0.233998,0.233951,
0.232382,0.233593,0.234052,
0.235014,0.235083,0.234086,
0.234393,0.235038,0.235045,
0.235003,0.234364,0.234011,
0.233523,0.233039,0.233081,
0.232107,0.232782,0.233033,
0.232662,0.232561,0.232327,
0.236862,0.236479,0.237813,
0.237214,0.237752,0.237608,
0.232851,0.232815,0.234010,
0.234384,0.234791,0.234834,
0.235742,0.235132,0.235096,
0.234838,0.234959,0.234893,
0.234928,0.235314,0.235718,
0.234185,0.233379,0.234928,
0.235799,0.235675,0.235227,
0.234050,0.233944,0.234079,
0.233001,0.232127,0.231734,
0.233567,0.234163,0.233874,
0.234661,0.233780,0.233846,
0.235012,0.234718,0.234201,
0.233551,0.233487,0.232841,
0.232788,0.231434,0.232433,
0.232726,0.231459,0.232266,
0.232514,0.232952,0.233716,
0.232031,0.232902,0.233091,
0.227897,0.227684,0.229020,
0.233969,0.234311,0.233768,
0.233541,0.233981,0.234170,
0.236205,0.236934,0.236714,
0.234020,0.234180,0.235067,
0.233413,0.234140,0.234422,
0.234945,0.235008,0.235019,
0.232330,0.232793,0.233832,
0.234401,0.234656,0.234738,
0.236414,0.236914,0.235834,
0.234010,0.233773,0.234555,
0.234809,0.235747,0.234416,
0.232239,0.232299,0.232098,
0.236616,0.236726,0.236797,
0.233891,0.234541,0.233711,
0.236594,0.235512,0.234943,
0.235091,0.234101,0.234437,
0.233829,0.233837,0.233362,
0.232814,0.232609,0.232582,
0.233566,0.233039,0.233678,
0.234466,0.234188,0.234452,
0.232662,0.233381,0.232884,
0.234855,0.235160,0.235888,
0.235861,0.237522,0.237756,
0.237227,0.238217,0.237546,
0.234836,0.234138,0.234994,
0.231078,0.231860,0.233359,
0.232750,0.234133,0.234464,
0.231980,0.233072,0.234532,
0.233987,0.234200,0.233988,
0.234434,0.234661,0.234004,
0.235181,0.235194,0.235683,
0.233999,0.233773,0.233365,
0.233372,0.233687,0.234189,
0.233465,0.234108,0.234130,
0.231909,0.232479,0.234246,
0.234002,0.234609,0.234507,
0.233966,0.234190,0.235495,
0.235662,0.235202,0.235233,
0.233227,0.234102,0.234629,
0.235705,0.236502,0.235106,
0.234090,0.233657,0.231897,
0.233929,0.234408,0.233891,
0.232103,0.232035,0.232587,
0.236261,0.235591,0.235571,
0.234088,0.233113,0.232861,
0.235022,0.235088,0.235084,
0.236216,0.235365,0.235310,
0.233645,0.233186,0.234412,
0.232455,0.233981,0.233728,
0.236059,0.235779,0.235397,
0.233607,0.234074,0.234204,
0.232845,0.234016,0.233885,
0.236329,0.236569,0.237106,
0.234221,0.233998,0.234858,
0.232295,0.233440,0.233966,
0.236560,0.236740,0.236304,
0.235722,0.235997,0.235881,
0.233767,0.234351,0.234356,
0.234096,0.233677,0.234643,
0.236366,0.236279,0.237547,
0.236828,0.237893,0.237505,
0.236382,0.236796,0.237342,
0.235445,0.234070,0.235099,
0.233566,0.234154,0.234553,
0.231835,0.232329,0.232414,
0.235707,0.234285,0.235181,
0.235739,0.235981,0.236493,
0.237333,0.237807,0.237687,
0.236990,0.234825,0.234736,
0.235351,0.235706,0.235922,
0.232982,0.233607,0.232582,
0.232966,0.233841,0.235709,
0.235255,0.236418,0.236953,
0.235249,0.235104,0.234857,
0.235892,0.235687,0.237053,
0.236688,0.236824,0.237308,
0.232741,0.233216,0.233549,
0.234676,0.233799,0.234630,
0.233674,0.233595,0.233266,
0.231821,0.231726,0.232130,
0.237149,0.237758,0.237350,
0.236096,0.235887,0.235519,
0.234389,0.236042,0.234894,
0.234797,0.234483,0.234040,
0.234400,0.233393,0.233564,
0.235771,0.236360,0.235848,
0.234336,0.233680,0.234013,
0.232815,0.233346,0.234161,
0.233444,0.234297,0.233918,
0.235367,0.235934,0.236134,
0.232405,0.232427,0.234685,
0.227694,0.227648,0.227404,
0.234427,0.234215,0.235086,
0.233318,0.232754,0.232864,
0.235620,0.235730,0.235597,
0.234891,0.235609,0.235596,
0.232439,0.232626,0.232660,
0.230803,0.232460,0.233319,
0.234483,0.234112,0.234316,
0.233726,0.233740,0.234265,
0.234262,0.234303,0.233878,
0.236585,0.235907,0.236934,
0.234460,0.233902,0.234559,
0.235875,0.236228,0.235565,
0.234033,0.233324,0.233463,
0.235434,0.234777,0.234919,
0.236535,0.237708,0.237066,
0.234186,0.235146,0.235706,
0.235771,0.235040,0.234820,
0.236566,0.235866,0.236807,
0.232655,0.233472,0.234257,
0.232780,0.234506,0.235384,
0.232663,0.233782,0.233980,
0.234646,0.234753,0.234997,
0.235584,0.236121,0.236065,
0.236673,0.235873,0.236086,
0.231830,0.232508,0.234184,
0.231297,0.230838,0.231673,
0.233345,0.231758,0.231061,
0.233378,0.232870,0.233357,
0.234533,0.234549,0.234539,
0.235859,0.235524,0.235577,
0.233729,0.233696,0.234435,
0.235813,0.235148,0.235485,
0.233497,0.233613,0.233504,
0.233101,0.233168,0.233876,
0.234699,0.234695,0.234636,
0.235621,0.235295,0.235878,
0.236778,0.236511,0.236664,
0.235051,0.236080,0.235301,
0.236315,0.235853,0.237888,
0.237197,0.236723,0.236827,
0.236145,0.236227,0.235961,
0.234917,0.234738,0.236137,
0.230116,0.230690,0.232080,
0.236247,0.235908,0.235909,
0.236067,0.235680,0.235795,
0.233937,0.235089,0.234633,
0.234370,0.233898,0.233266,
0.235200,0.235721,0.235021,
0.234033,0.234927,0.234986,
0.235239,0.234829,0.234340,
0.233008,0.232220,0.233165,
0.234074,0.234488,0.235665,
0.231885,0.231382,0.231587,
0.234449,0.234149,0.234720,
0.238978,0.238618,0.238895,
0.233488,0.234226,0.234275,
0.231886,0.231414,0.232350,
0.234862,0.234476,0.234646,
0.234597,0.234909,0.234513,
0.237024,0.237329,0.237536,
0.237994,0.238120,0.237273,
0.238187,0.238158,0.238138,
0.234804,0.235016,0.235601,
0.236956,0.237381,0.237322,
0.236089,0.237209,0.237688,
0.237296,0.237168,0.236429,
0.236358,0.235331,0.234943,
0.234098,0.235890,0.234029,
0.234805,0.235810,0.235434,
0.234798,0.234218,0.235418,
0.234049,0.234135,0.234675,
0.236869,0.236765,0.236314,
0.232790,0.233224,0.233988,
0.234396,0.234818,0.235419,
0.232091,0.232298,0.232283,
0.233927,0.234039,0.233688,
0.235451,0.235515,0.235498,
0.234523,0.235435,0.234962,
0.234344,0.233703,0.234336,
0.230109,0.230761,0.229703,
0.234805,0.235329,0.235212,
0.233828,0.233656,0.234343,
0.234411,0.235221,0.234921,
0.233829,0.233832,0.234213,
0.233974,0.233519,0.233821,
0.235646,0.233530,0.233447,
0.237426,0.237635,0.238246,
0.235307,0.235332,0.235955,
0.235708,0.236938,0.237177,
0.234324,0.234381,0.234136,
0.234726,0.235321,0.235764,
0.236425,0.236886,0.237258,
0.235053,0.234929,0.234919,
0.234793,0.234723,0.235075,
0.237094,0.236453,0.236872,
0.234104,0.234796,0.234648,
0.231662,0.232161,0.233274,
0.239546,0.239744,0.240121,
0.233470,0.234038,0.234718,
0.235059,0.234994,0.234272,
0.234923,0.234760,0.235652,
0.236122,0.234651,0.234583,
0.234539,0.235057,0.233810,
0.237194,0.237395,0.237241,
0.233349,0.234558,0.234770,
0.235189,0.234757,0.234078,
0.231552,0.232332,0.232928,
0.233779,0.234056,0.233968,
0.234003,0.234327,0.234048,
0.231078,0.231892,0.231533,
0.235553,0.235582,0.234756,
0.234428,0.235462,0.235497,
0.232776,0.232705,0.233509,
0.235133,0.235050,0.235461,
0.234690,0.236053,0.235480,
0.231061,0.230996,0.231176,
0.238381,0.236894,0.238585,
0.236040,0.235987,0.236782,
0.235076,0.233878,0.234355,
0.236143,0.235638,0.236923,
0.233996,0.234540,0.234821,
0.235129,0.234744,0.235452,
0.226955,0.228226,0.229435,
0.235704,0.235734,0.235294,
0.237364,0.237568,0.237169,
0.233292,0.233066,0.233350,
0.232874,0.233300,0.233898,
0.233553,0.233892,0.234157,
0.230701,0.231073,0.232894,
0.234056,0.234104,0.234452,
0.235418,0.235199,0.235906,
0.234151,0.234181,0.234455,
0.234453,0.234317,0.233556,
0.233375,0.233797,0.234138,
0.235419,0.234717,0.235080,
0.232997,0.232050,0.233651,
0.235031,0.235242,0.235682,
0.233514,0.234430,0.235743,
0.234148,0.233534,0.233183,
0.234919,0.234954,0.235623,
0.240048,0.239062,0.238726,
0.236776,0.236912,0.237585,
0.233772,0.232389,0.233442,
0.233933,0.234438,0.234120,
0.236097,0.234952,0.235153,
0.233111,0.233073,0.232781,
0.237686,0.238315,0.238834,
0.234342,0.234010,0.234415,
0.234326,0.233929,0.233551,
0.236290,0.235441,0.235906,
0.233056,0.233020,0.232535,
0.234021,0.233764,0.233678,
0.232898,0.234131,0.233411,
0.235718,0.235788,0.236622,
0.236343,0.236018,0.236206,
0.235097,0.235482,0.236016,
0.233754,0.233346,0.233317,
0.234521,0.235374,0.235500,
0.233242,0.232369,0.233438,
0.237462,0.237263,0.236493,
0.234188,0.234106,0.233594,
0.235356,0.235426,0.236043,
0.235242,0.235548,0.236129,
0.236079,0.234275,0.233746,
0.237174,0.237349,0.237308,
0.231987,0.232893,0.233325,
0.234502,0.235136,0.235684,
0.234648,0.234306,0.235341,
0.232012,0.233143,0.233861,
0.235481,0.235439,0.234962,
0.231215,0.232047,0.232090,
0.233956,0.234211,0.233202,
0.235585,0.235584,0.235900,
0.236729,0.235902,0.236067,
0.235226,0.234714,0.234202,
0.233281,0.232306,0.231692,
0.236907,0.235840,0.234437,
0.235203,0.234227,0.235404,
0.234339,0.236011,0.235529,
0.235000,0.235313,0.235193,
0.234397,0.234749,0.234464,
0.234713,0.235712,0.236073,
0.236660,0.236159,0.237538,
0.239470,0.239557,0.239333,
0.236159,0.235790,0.235349,
0.233689,0.233774,0.235234,
0.234277,0.234700,0.235446,
0.231087,0.231404,0.232724,
0.231709,0.231373,0.231565,
0.236351,0.236633,0.237418,
0.235684,0.236141,0.236194,
0.234233,0.234749,0.235609,
0.234949,0.235598,0.235849,
0.237137,0.237840,0.237812,
0.234642,0.234099,0.234777,
0.230102,0.229922,0.229715,
0.236200,0.236157,0.236376,
0.234323,0.235161,0.234954,
0.233547,0.233395,0.233739,
0.232697,0.233386,0.233766,
0.235845,0.236041,0.236235,
0.233074,0.232836,0.233097,
0.234499,0.232131,0.232776,
0.236096,0.237095,0.235972,
0.235297,0.234671,0.235897,
0.232963,0.232535,0.232221,
0.232330,0.231640,0.232377,
0.229590,0.230777,0.231063,
0.234488,0.233219,0.233867,
0.235915,0.236150,0.236176,
0.234799,0.235404,0.236072,
0.234367,0.234169,0.235107,
0.231834,0.232159,0.231560,
0.233898,0.234446,0.234906,
0.233723,0.233351,0.233596,
0.234341,0.233922,0.234205,
0.235330,0.234459,0.234585,
0.232352,0.233361,0.233922,
0.233860,0.233776,0.234985,
0.232952,0.233380,0.233379,
0.238009,0.238999,0.238248,
0.235497,0.236306,0.235740,
0.235731,0.235951,0.235414,
0.235340,0.235486,0.235171,
0.235068,0.235330,0.235811,
0.237329,0.235436,0.234537,
0.235673,0.234356,0.234276,
0.233900,0.233958,0.233420,
0.236385,0.237505,0.236744,
0.234426,0.234019,0.234594,
0.231727,0.232018,0.233350,
0.233784,0.233964,0.234561,
0.236550,0.235860,0.235593,
0.237081,0.236194,0.236405,
0.234901,0.235573,0.236179,
0.234357,0.235586,0.235246,
0.236926,0.236579,0.237153,
0.235817,0.236043,0.236859,
0.234065,0.234457,0.235558,
0.233805,0.233667,0.234128,
0.234081,0.232867,0.232820,
0.233162,0.233627,0.233318,
0.234692,0.233907,0.234500,
0.234340,0.234707,0.233802,
0.232670,0.233231,0.233688,
0.233802,0.233802,0.234910,
0.236499,0.235997,0.237584,
0.233613,0.233736,0.234516,
0.235571,0.236129,0.237197,
0.234596,0.234133,0.234900,
0.231424,0.231511,0.231397,
0.232462,0.233309,0.233307,
0.232787,0.233889,0.235086,
0.234941,0.233756,0.233586,
0.232589,0.232469,0.233546,
0.232300,0.232794,0.232466,
0.233912,0.234262,0.234097,
0.236446,0.235894,0.236342,
0.236018,0.234702,0.234989,
0.233108,0.233636,0.233770,
0.237479,0.237187,0.236496,
0.235681,0.235443,0.235757,
0.234769,0.234446,0.235206,
0.237509,0.239652,0.237639,
0.234810,0.234461,0.235197,
0.235902,0.236791,0.235868,
0.233994,0.234540,0.234270,
0.236066,0.236140,0.236357,
0.233866,0.234280,0.234742,
0.239482,0.239943,0.240464,
0.233180,0.231610,0.231610,
0.232620,0.232247,0.232278,
0.235401,0.236250,0.237213,
0.233960,0.234796,0.234678,
0.233541,0.232887,0.232544,
0.235060,0.234516,0.234966,
0.233169,0.233269,0.232474,
0.233966,0.234377,0.234685,
0.236317,0.236364,0.236487,
0.236205,0.236625,0.237091,
0.234534,0.233826,0.234127,
0.232571,0.232129,0.232685,
0.235674,0.234447,0.234000,
0.235493,0.235253,0.236929,
0.237322,0.238503,0.238444,
0.234091,0.234089,0.234451,
0.233361,0.233497,0.234098,
0.226453,0.227510,0.227778,
0.234749,0.235694,0.236161,
0.235813,0.235335,0.235420,
0.233615,0.233547,0.233861,
0.233344,0.234010,0.233563,
0.235827,0.235775,0.235556,
0.231196,0.230483,0.230687,
0.234801,0.234903,0.234234,
0.234482,0.233969,0.234458,
0.233838,0.233647,0.234224,
0.233301,0.232045,0.231728,
0.235184,0.236162,0.236168,
0.233368,0.234161,0.233955,
0.234393,0.234616,0.234087,
0.235054,0.236080,0.234533,
0.235777,0.234910,0.235514,
0.235043,0.235935,0.236218,
0.235303,0.234669,0.234487,
0.234082,0.233332,0.234429,
0.238860,0.239600,0.240313,
0.233493,0.233881,0.234343,
0.233288,0.232906,0.234005,
0.233010,0.233587,0.234205,
0.236484,0.236307,0.237110,
0.234577,0.234201,0.233838,
0.241237,0.240226,0.240504,
0.232883,0.233237,0.232706,
0.232432,0.232727,0.233211,
0.233609,0.233479,0.233380,
0.232910,0.232469,0.231244,
0.233332,0.232351,0.232303,
0.234617,0.234628,0.234549,
0.233714,0.234330,0.234452,
0.236448,0.236785,0.236524,
0.234947,0.233890,0.234377,
0.234021,0.236105,0.235300,
0.236022,0.236677,0.236591,
0.233708,0.233474,0.233810,
0.237386,0.235264,0.234060,
0.235927,0.235506,0.235237,
0.233608,0.233476,0.233913,
0.233707,0.234434,0.234282,
0.235721,0.237149,0.237265,
0.231928,0.231557,0.231383,
0.235536,0.235771,0.235933,
0.234031,0.233833,0.234950,
0.233346,0.234695,0.235307,
0.236319,0.236042,0.235867,
0.232966,0.233363,0.233904,
0.233643,0.232472,0.233084,
0.233769,0.233986,0.233951,
0.233641,0.233596,0.234460,
0.233948,0.233613,0.234179,
0.233002,0.235353,0.234123,
0.233237,0.235880,0.234082,
0.234123,0.235156,0.235006,
0.235657,0.235958,0.234460,
0.233687,0.235014,0.233950,
0.234735,0.234213,0.233394,
0.233274,0.234020,0.234974,
0.230748,0.230492,0.231316,
0.233847,0.233554,0.233914,
0.237286,0.237564,0.238120,
0.232858,0.232857,0.232462,
0.232038,0.231834,0.232585,
0.236493,0.235902,0.234699,
0.233719,0.234570,0.234101,
0.234103,0.233519,0.233431,
0.235787,0.236077,0.237095,
0.235770,0.235156,0.234773,
0.236005,0.236031,0.236237,
0.236340,0.235779,0.235360,
0.235645,0.234910,0.234802,
0.233815,0.233975,0.234079,
0.233730,0.233039,0.234178,
0.235879,0.235483,0.235911,
0.235160,0.235848,0.235874,
0.235142,0.236756,0.236337,
0.235543,0.235974,0.236524,
0.235386,0.235586,0.235639,
0.233715,0.233986,0.235243,
0.233441,0.233483,0.233931,
0.233996,0.234017,0.233905,
0.233333,0.232839,0.233282,
0.231943,0.232965,0.234497,
0.233800,0.233684,0.233405,
0.230554,0.229873,0.231070,
0.231456,0.231427,0.232942,
0.235658,0.237194,0.234672,
0.232893,0.233015,0.233470,
0.232704,0.232752,0.232607,
0.231977,0.231615,0.232007,
0.230043,0.230357,0.232279,
0.236695,0.237069,0.236684,
0.234180,0.233816,0.233894,
0.233944,0.235162,0.235157,
0.233664,0.234041,0.234281,
0.232888,0.233643,0.233968,
0.236179,0.236147,0.236648,
0.234539,0.234630,0.235317,
0.235543,0.235578,0.235422,
0.233932,0.234064,0.233979,
0.233805,0.233781,0.234036,
0.231079,0.232580,0.232515,
0.232776,0.232182,0.232765,
0.237009,0.237054,0.236644,
0.234202,0.233712,0.234585,
0.233111,0.234615,0.235106,
0.234266,0.234529,0.235083,
0.232266,0.231761,0.232652,
0.233622,0.233587,0.232628,
0.236545,0.235989,0.237574,
0.233898,0.233747,0.234150,
0.232494,0.232537,0.231994,
0.232769,0.233375,0.233313,
0.232762,0.232747,0.232575,
0.233120,0.232967,0.231085,
0.231080,0.231836,0.231972,
0.235861,0.235213,0.235775,
0.233598,0.233305,0.234183,
0.231726,0.233335,0.233355,
0.233109,0.233372,0.234156,
0.233665,0.233562,0.233774,
0.231709,0.231384,0.231881,
0.233802,0.233329,0.234334,
0.231558,0.231595,0.231644,
0.237021,0.236330,0.237148,
0.232773,0.233863,0.234985,
0.236350,0.237186,0.236017,
0.231288,0.232082,0.231969,
0.236401,0.236100,0.237500,
0.235885,0.234679,0.235385,
0.233442,0.234373,0.233534,
0.235514,0.233880,0.234633,
0.236674,0.237506,0.237511,
0.236335,0.236511,0.235851,
0.236121,0.236083,0.236794,
0.238073,0.235987,0.236388,
0.233137,0.234057,0.233862,
0.233461,0.234584,0.234393,
0.236861,0.234711,0.235626,
0.238126,0.238693,0.238119,
0.236971,0.236690,0.237078,
0.233941,0.234287,0.234371,
0.232461,0.234120,0.234091,
0.233680,0.233596,0.233052,
0.233808,0.233789,0.235776,
0.232126,0.232371,0.233281,
0.234513,0.234590,0.234925,
0.232256,0.232719,0.233035,
0.235811,0.235402,0.236334,
0.233732,0.234673,0.233769,
0.235289,0.235749,0.236483,
0.235302,0.235105,0.235186,
0.235263,0.235560,0.235024,
0.234480,0.233545,0.234786,
0.235015,0.235068,0.235294,
0.233819,0.235440,0.234481,
0.234795,0.234352,0.234807,
0.235517,0.235163,0.235898,
0.233391,0.234410,0.232594,
0.236470,0.236796,0.235784,
0.234796,0.234296,0.234920,
0.233737,0.233710,0.232491,
0.239709,0.240120,0.240038,
0.234768,0.235743,0.235638,
0.228263,0.229935,0.229654,
0.234207,0.234813,0.234589,
0.234907,0.235051,0.236189,
0.234254,0.235072,0.234655,
0.233460,0.233790,0.234120,
0.236578,0.236961,0.237892,
0.229513,0.229052,0.229579,
0.233697,0.234269,0.234219,
0.235011,0.233958,0.233937,
0.236972,0.235072,0.235562,
0.234859,0.235539,0.235392,
0.235110,0.235730,0.235003,
0.233233,0.233008,0.233728,
0.234228,0.234314,0.234509,
0.234326,0.234400,0.235801,
0.235648,0.235976,0.235619,
0.235069,0.236972,0.236438,
0.236121,0.236661,0.236761,
0.239577,0.240177,0.239537,
0.236107,0.235777,0.236112,
0.235623,0.234138,0.233124,
0.235425,0.234299,0.234566,
0.233585,0.233651,0.233454,
0.232057,0.232404,0.233672,
0.232691,0.233441,0.232913,
0.236621,0.236701,0.236602,
0.233618,0.233261,0.233205,
0.233428,0.233210,0.233803,
0.233721,0.233890,0.233925,
0.236514,0.236424,0.235686,
0.235476,0.235958,0.236255,
0.234113,0.233969,0.233779,
0.231943,0.231483,0.231887,
0.233267,0.233086,0.233484,
0.233651,0.233413,0.233916,
0.234438,0.235379,0.235913,
0.236888,0.235375,0.235805,
0.232841,0.234650,0.233091,
0.233964,0.234045,0.234993,
0.233573,0.233627,0.234134,
0.234730,0.235430,0.235740,
0.233134,0.234531,0.235095,
0.236316,0.235547,0.236456,
0.233006,0.231571,0.230730,
0.234096,0.234138,0.234329,
0.233013,0.233028,0.232978,
0.233340,0.233391,0.233183,
0.232396,0.233639,0.232836,
0.233694,0.234381,0.234167,
0.230079,0.230456,0.230626,
0.234231,0.234300,0.235014,
0.233441,0.234010,0.233555,
0.235430,0.235460,0.235953,
0.233979,0.233877,0.234576,
0.233987,0.234902,0.233477,
0.234724,0.234262,0.234599,
0.236567,0.236151,0.235823,
0.233559,0.233679,0.233369,
0.232436,0.232469,0.234294,
0.233659,0.233679,0.234093,
0.234017,0.235203,0.235757,
0.236246,0.235921,0.235504,
0.234660,0.235118,0.235358,
0.235491,0.234446,0.234474,
0.234637,0.234529,0.234611,
0.234615,0.233878,0.234162,
0.234740,0.234481,0.234164,
0.232879,0.233585,0.234538,
0.240639,0.240304,0.239644,
0.233378,0.234126,0.233658,
0.233701,0.233354,0.233355,
0.233507,0.233517,0.234177,
0.233739,0.234520,0.234961,
0.234751,0.235140,0.235366,
0.235071,0.234575,0.235445,
0.235286,0.234868,0.233603,
0.234173,0.233204,0.233324,
0.233668,0.233686,0.233763,
0.233420,0.232850,0.233361,
0.232508,0.233714,0.234643,
0.229826,0.230125,0.230649,
0.235060,0.234353,0.234667,
0.236919,0.235575,0.236221,
0.232705,0.233036,0.234151,
0.234522,0.234568,0.234853,
0.236092,0.236633,0.237357,
0.232722,0.232643,0.233541,
0.234649,0.234514,0.235808,
0.235175,0.235260,0.234050,
0.235811,0.235330,0.236061,
0.234839,0.234546,0.234834,
0.234674,0.235189,0.235373,
0.232208,0.232559,0.232562,
0.237668,0.236069,0.235729,
0.231043,0.231951,0.232691,
0.235898,0.235651,0.235374,
0.236498,0.234285,0.234669,
0.233708,0.234146,0.234059,
0.237043,0.237580,0.237713,
0.236614,0.235794,0.237308,
0.233783,0.233394,0.234033,
0.235390,0.237399,0.236636,
0.234270,0.233333,0.233990,
0.235177,0.235676,0.236054,
0.238322,0.238452,0.238435,
0.236246,0.235544,0.235945,
0.234544,0.234255,0.234671,
0.235436,0.233920,0.232696,
0.233855,0.233130,0.233130,
0.234470,0.234205,0.235023,
0.237821,0.237626,0.237433,
0.237224,0.236336,0.236614,
0.234714,0.234421,0.233551,
0.233101,0.232625,0.233020,
0.234197,0.234309,0.234772,
0.234755,0.234074,0.234462,
0.233857,0.233960,0.233532,
0.230481,0.229567,0.230266,
0.236221,0.236336,0.237544,
0.235562,0.236785,0.236236,
0.236082,0.235671,0.237122,
0.231843,0.232196,0.232198,
0.231154,0.231606,0.231590,
0.230752,0.231500,0.230809,
0.233813,0.233063,0.233380,
0.234862,0.235009,0.235792,
0.236657,0.237623,0.236688,
0.235618,0.236727,0.236199,
0.233747,0.233786,0.234426,
0.227456,0.228281,0.227986,
0.235122,0.235266,0.235109,
0.234485,0.234663,0.234776,
0.234014,0.234425,0.234732,
0.233414,0.232882,0.233637,
0.232650,0.233620,0.233612,
0.232616,0.233041,0.232679,
0.234856,0.235049,0.235441,
0.235214,0.235255,0.235472,
0.236623,0.236701,0.235556,
0.233457,0.233814,0.235515,
0.233498,0.233532,0.233519,
0.234116,0.234078,0.233470,
0.235464,0.235321,0.235172,
0.234330,0.234574,0.235544,
0.231534,0.232681,0.234174,
0.233853,0.234071,0.234003,
0.235141,0.234945,0.235190,
0.234686,0.235571,0.235722,
0.236068,0.237193,0.237020,
0.236221,0.235926,0.235986,
0.236442,0.238398,0.236015,
0.233885,0.234391,0.234898,
0.232994,0.233715,0.233957,
0.234708,0.234925,0.236012,
0.236601,0.236711,0.235582,
0.235971,0.234868,0.235777,
0.234714,0.234466,0.233760,
0.233833,0.233602,0.232699,
0.234231,0.233212,0.234267,
0.231996,0.230724,0.231586,
0.232552,0.235226,0.235089,
0.236298,0.233781,0.233858,
0.231186,0.231846,0.233803,
0.233808,0.234340,0.234471,
0.234494,0.235735,0.235052,
0.233590,0.233225,0.233627,
0.231113,0.231968,0.231832,
0.232519,0.232590,0.231950,
0.233110,0.232734,0.232702,
0.235117,0.235588,0.234970,
0.231521,0.233650,0.234820,
0.234720,0.234877,0.235329,
0.228371,0.229767,0.230585,
0.232436,0.231574,0.232303,
0.234724,0.235322,0.236415,
0.232566,0.234385,0.233762,
0.233047,0.235036,0.237182,
0.234702,0.234146,0.235566,
0.233322,0.232328,0.230691,
0.234653,0.235273,0.234928,
0.232652,0.231876,0.233146,
0.233158,0.233824,0.233702,
0.231963,0.231273,0.231648,
0.234933,0.234773,0.236471,
0.237486,0.237321,0.236291,
0.233475,0.233706,0.234373,
0.234948,0.234063,0.234927,
0.233016,0.232333,0.234026,
0.230638,0.231433,0.232750,
0.231110,0.232223,0.233277,
0.238277,0.239029,0.238217,
0.236107,0.236486,0.236637,
0.236193,0.235903,0.235986,
0.236020,0.235948,0.237246,
0.234234,0.233712,0.233715,
0.235493,0.234199,0.234717,
0.235684,0.235563,0.235406,
0.237056,0.237615,0.237486,
0.233354,0.232727,0.232704,
0.234524,0.233937,0.234331,
0.234504,0.236337,0.232940,
0.232904,0.232519,0.232723,
0.235642,0.234479,0.236003,
0.228019,0.228994,0.228967,
0.231788,0.231871,0.233176,
0.235010,0.234866,0.235519,
0.234229,0.234204,0.234042,
0.233380,0.234294,0.234839,
0.234913,0.234521,0.235836,
0.236231,0.234383,0.232101,
0.236362,0.236408,0.235197,
0.231979,0.232999,0.233419,
0.234258,0.235216,0.235349,
0.235321,0.235744,0.236030,
0.236253,0.236215,0.235395,
0.228873,0.229870,0.229551,
0.232118,0.232619,0.232862,
0.234480,0.234777,0.235337,
0.233751,0.234433,0.234651,
0.233254,0.234241,0.233839,
0.233687,0.233911,0.233575,
0.231920,0.230586,0.230310,
0.234741,0.234640,0.235016,
0.234170,0.234022,0.234269,
0.236477,0.235640,0.235843,
0.234264,0.234477,0.234944,
0.234983,0.235553,0.236236,
0.237822,0.238264,0.238219,
0.235301,0.235416,0.235556,
0.232713,0.232819,0.233549,
0.232903,0.231827,0.232393,
0.234164,0.233354,0.233990,
0.231629,0.233332,0.234056,
0.239300,0.239935,0.241073,
0.237042,0.236593,0.237739,
0.234677,0.234627,0.234732,
0.235599,0.235262,0.235452,
0.231819,0.232385,0.233382,
0.234619,0.233945,0.234469,
0.232783,0.232364,0.232427,
0.238515,0.238210,0.238504,
0.234446,0.233599,0.234306,
0.234371,0.234382,0.234933,
0.234724,0.233914,0.234274,
0.233033,0.232582,0.232801,
0.232548,0.231955,0.231401,
0.230966,0.229896,0.229392,
0.234431,0.234122,0.235170,
0.232981,0.232153,0.232070,
0.234361,0.234563,0.234937,
0.235660,0.236193,0.235804,
0.234803,0.234244,0.233868,
0.235043,0.236146,0.236174,
0.233175,0.232292,0.232954,
0.232861,0.233993,0.234654,
0.233946,0.233571,0.233905,
0.234464,0.234362,0.234383,
0.234041,0.234186,0.233591,
0.231575,0.231231,0.231967,
0.234987,0.235368,0.235273,
0.234188,0.234157,0.233742,
0.233521,0.232940,0.233159,
0.231374,0.231274,0.232277,
0.234282,0.233992,0.233595,
0.233001,0.232326,0.232576,
0.235956,0.235624,0.236730,
0.234784,0.235202,0.235325,
0.236500,0.237524,0.237640,
0.235551,0.234620,0.236014,
0.234754,0.234865,0.234936,
0.238369,0.238937,0.237792,
0.234589,0.234190,0.234172,
0.233656,0.234045,0.233548,
0.232532,0.233700,0.234506,
0.234802,0.233986,0.235143,
0.232829,0.232862,0.232959,
0.234728,0.234349,0.234199,
0.232979,0.233144,0.233551,
0.234598,0.235029,0.234960,
0.233070,0.233279,0.233296,
0.234835,0.234610,0.235380,
0.235422,0.235386,0.235701,
0.233625,0.232813,0.232877,
0.234437,0.233211,0.233695,
0.234135,0.233730,0.233845,
0.235910,0.235750,0.235311,
0.235955,0.235217,0.235718,
0.235164,0.235360,0.236747,
0.232231,0.232114,0.232386,
0.235721,0.235922,0.235861,
0.233303,0.233542,0.234226,
0.233415,0.233388,0.232457,
0.234948,0.233822,0.234503,
0.235225,0.234611,0.235553,
0.235558,0.235362,0.235587,
0.231861,0.232585,0.232941,
0.233939,0.232959,0.233488,
0.233720,0.234096,0.234700,
0.234820,0.235330,0.235092,
0.234189,0.233801,0.235239,
0.233356,0.232114,0.231848,
0.232300,0.231736,0.232620,
0.235259,0.234917,0.235446,
0.234330,0.235611,0.235083,
0.235503,0.236253,0.236221,
0.233943,0.233761,0.233219,
0.234228,0.235503,0.235709,
0.235334,0.235876,0.235149,
0.237188,0.236831,0.237653,
0.235868,0.235103,0.235673,
0.235950,0.235496,0.236181,
0.236556,0.237072,0.237600,
0.235939,0.236107,0.236450,
0.239652,0.239212,0.237741,
0.234917,0.235445,0.235233,
0.236468,0.236891,0.236965,
0.237475,0.235710,0.235357,
0.237452,0.237617,0.238019,
0.237033,0.237396,0.237411,
0.237101,0.237777,0.238442,
0.232652,0.232943,0.233137,
0.234688,0.235562,0.236257,
0.234426,0.234428,0.235078,
0.234419,0.234966,0.234874,
0.233399,0.233197,0.233151,
0.234739,0.235714,0.235088,
0.232550,0.233971,0.235110,
0.234743,0.234839,0.235541,
0.231037,0.231730,0.232416,
0.232993,0.233634,0.233167,
0.232684,0.234270,0.235175,
0.232480,0.231619,0.232665,
0.235001,0.235799,0.236193,
0.237808,0.237352,0.235985,
0.237513,0.237436,0.238035,
0.235896,0.236064,0.236876,
0.235057,0.235909,0.235204,
0.236951,0.235692,0.236963,
0.230735,0.230542,0.230092,
0.237172,0.236798,0.235779,
0.235889,0.236223,0.237639,
0.236148,0.235917,0.235311,
0.234670,0.234953,0.235729,
0.233688,0.233738,0.234107,
0.231652,0.231261,0.231446,
0.235577,0.235472,0.235669,
0.234139,0.234753,0.234558,
0.235980,0.235654,0.236213,
0.235286,0.235291,0.235763,
0.235386,0.235482,0.235291,
0.235999,0.236857,0.237462,
0.233161,0.233582,0.233498,
0.235367,0.235447,0.235558,
0.233458,0.232415,0.233092,
0.234059,0.234996,0.234665,
0.235992,0.235426,0.235740,
0.242588,0.240354,0.240100,
0.236720,0.236861,0.235750,
0.233996,0.233506,0.233338,
0.234902,0.235044,0.234793,
0.234736,0.234545,0.233877,
0.234036,0.234079,0.232315,
0.238288,0.238576,0.239118,
0.232512,0.232017,0.232664,
0.235695,0.237127,0.237620,
0.235893,0.235130,0.235759,
0.234788,0.234940,0.234743,
0.237214,0.235338,0.237080,
0.230113,0.231192,0.231922,
0.235160,0.235723,0.235503,
0.233848,0.234727,0.234962,
0.234682,0.235751,0.236714,
0.235818,0.234977,0.236437,
0.233430,0.233943,0.233623,
0.234514,0.234196,0.233719,
0.238635,0.239257,0.238143,
0.236712,0.237280,0.236760,
0.236071,0.236523,0.236624,
0.234553,0.233930,0.233764,
0.235581,0.234782,0.235013,
0.232038,0.231559,0.232512,
0.234038,0.234400,0.234773,
0.235929,0.236166,0.236114,
0.231987,0.232361,0.234305,
0.233830,0.236107,0.234521,
0.236451,0.236370,0.237549,
0.234678,0.234330,0.234709,
0.233048,0.232806,0.232621,
0.232862,0.232536,0.232360,
0.232063,0.234286,0.235070,
0.234661,0.234463,0.233364,
0.235981,0.236004,0.236327,
0.233964,0.233179,0.233388,
0.235380,0.235762,0.237103,
0.232311,0.231945,0.232690,
0.232771,0.233520,0.235188,
0.232810,0.233079,0.232879,
0.231446,0.232032,0.232185,
0.235486,0.236009,0.235766,
0.236114,0.235212,0.235529,
0.235909,0.236911,0.236347,
0.233626,0.234568,0.233301,
0.231264,0.232819,0.234875,
0.234853,0.235613,0.235672,
0.236672,0.236631,0.237385,
0.235873,0.236560,0.235138,
0.235755,0.234810,0.234555,
0.233164,0.231712,0.231398,
0.233621,0.233645,0.233852,
0.234660,0.233347,0.234022,
0.234045,0.234751,0.234258,
0.233978,0.233325,0.233874,
0.235736,0.235611,0.235928,
0.234832,0.235700,0.236036,
0.234749,0.234738,0.234996,
0.232099,0.232209,0.232552,
0.234204,0.234490,0.234227,
0.231109,0.230270,0.230564,
0.232562,0.231728,0.232724,
0.232560,0.233261,0.234935,
0.234989,0.234961,0.235818,
0.235159,0.235227,0.235742,
0.235061,0.234582,0.234499,
0.236117,0.234512,0.235585,
0.232830,0.233480,0.233664,
0.237317,0.237240,0.236789,
0.234932,0.234797,0.235331,
0.234886,0.236216,0.235461,
0.234746,0.234448,0.234473,
0.232324,0.232252,0.232678,
0.234443,0.234809,0.234954,
0.234832,0.233866,0.235265,
0.235212,0.235359,0.235700,
0.235659,0.237364,0.236337,
0.235006,0.235338,0.235294,
0.234019,0.232438,0.233962,
0.236302,0.236549,0.237452,
0.236609,0.237054,0.237247,
0.232078,0.232224,0.233069,
0.235899,0.235390,0.234511,
0.234649,0.235129,0.235263,
0.233948,0.233867,0.234160,
0.241847,0.241747,0.240530,
0.235349,0.236018,0.235843,
0.234047,0.233259,0.234239,
0.234473,0.234243,0.233737,
0.234676,0.234963,0.235450,
0.232109,0.232520,0.233037,
0.236972,0.236607,0.235954,
0.237453,0.237510,0.236965,
0.235401,0.235638,0.236151,
0.233871,0.234349,0.234632,
0.234565,0.235867,0.235979,
0.234552,0.235637,0.234946,
0.233680,0.233066,0.232795,
0.236127,0.235389,0.236714,
0.234365,0.234085,0.234078,
0.233675,0.234754,0.234679,
0.232003,0.232594,0.232422,
0.235672,0.234984,0.235372,
0.232186,0.232356,0.233194,
0.236068,0.237137,0.238864,
0.234379,0.234349,0.234656,
0.234073,0.234783,0.234555,
0.236709,0.236811,0.234815,
0.233823,0.234528,0.234740,
0.231737,0.231515,0.230006,
0.228848,0.229739,0.231207,
0.235720,0.235368,0.235844,
0.236022,0.234316,0.234737,
0.234651,0.234127,0.234422,
0.235041,0.234097,0.234717,
0.233152,0.234619,0.235042,
0.233971,0.234233,0.234764,
0.234201,0.234022,0.234406,
0.234241,0.235059,0.234546,
0.234748,0.235376,0.235037,
0.233352,0.234241,0.234033,
0.233234,0.234170,0.233979,
0.233983,0.234680,0.235411,
0.235230,0.235507,0.235503,
0.235465,0.233844,0.234159,
0.234815,0.234360,0.233772,
0.232946,0.233215,0.234292,
0.235524,0.236524,0.236871,
0.236219,0.236145,0.236257,
0.231363,0.231843,0.232298,
0.232555,0.232370,0.232867,
0.232779,0.233738,0.234789,
0.233952,0.234070,0.234244,
0.236804,0.235168,0.234799,
0.233277,0.232873,0.233240,
0.231898,0.231554,0.232401,
0.236648,0.236151,0.237231,
0.234311,0.234286,0.234055,
0.231437,0.231892,0.231540,
0.233480,0.233855,0.234921,
0.234636,0.234390,0.233562,
0.236357,0.235596,0.236112,
0.234543,0.234176,0.234007,
0.232759,0.231733,0.232044,
0.233354,0.234235,0.234223,
0.233642,0.233362,0.233915,
0.233338,0.232857,0.234045,
0.234364,0.235533,0.235801,
0.236916,0.236087,0.236137,
0.233915,0.233644,0.234069,
0.233160,0.233633,0.232799,
0.232087,0.232217,0.234320,
0.230654,0.231699,0.233097,
0.234102,0.234130,0.234892,
0.234914,0.234591,0.234781,
0.234581,0.233045,0.233219,
0.235019,0.233432,0.236268,
0.232932,0.232522,0.233223,
0.234779,0.234488,0.234123,
0.235368,0.235548,0.236574,
0.234635,0.234663,0.235542,
0.231594,0.232622,0.232655,
0.237026,0.235448,0.235794,
0.235948,0.235278,0.235027,
0.230510,0.231051,0.231408,
0.236434,0.236635,0.236705,
0.233150,0.234246,0.235027,
0.233763,0.234517,0.234479,
0.235565,0.235288,0.236147,
0.233312,0.234891,0.234429,
0.236345,0.237085,0.235850,
0.234948,0.235707,0.235781,
0.234721,0.234979,0.235725,
0.235276,0.235449,0.234511,
0.234531,0.233569,0.234294,
0.232186,0.232251,0.231785,
0.235591,0.235972,0.236532,
0.235345,0.235741,0.236264,
0.235871,0.235395,0.236633,
0.233782,0.234581,0.235569,
0.234439,0.234860,0.235861,
0.233324,0.233536,0.234308,
0.234044,0.234365,0.234034,
0.228088,0.228734,0.230434,
0.232117,0.231739,0.231841,
0.233718,0.233956,0.233380,
0.231108,0.231844,0.233455,
0.235030,0.235482,0.235894,
0.234302,0.234517,0.234497,
0.232577,0.232545,0.231844,
0.234970,0.235271,0.236129,
0.234282,0.234090,0.234307,
0.233433,0.233672,0.234730,
0.234243,0.235501,0.235695,
0.234950,0.235258,0.235027,
0.232051,0.232325,0.232759,
0.235283,0.235618,0.235546,
0.234954,0.234701,0.235292,
0.233440,0.234495,0.234319,
0.237142,0.237622,0.239317,
0.236119,0.234202,0.233971,
0.233831,0.233886,0.234288,
0.235285,0.235319,0.235659,
0.232075,0.232038,0.231851,
0.232966,0.232461,0.232465,
0.233183,0.233583,0.234580,
0.234375,0.235543,0.235666,
0.232087,0.231056,0.231906,
0.230782,0.230829,0.231166,
0.233203,0.235153,0.234025,
0.235291,0.235270,0.235706,
0.234395,0.234692,0.234641,
0.233984,0.234961,0.234438,
0.234560,0.235054,0.235462,
0.234122,0.234367,0.234516,
0.231841,0.233103,0.233361,
0.230271,0.231598,0.232475,
0.232858,0.231775,0.231984,
0.233671,0.234122,0.233998,
0.232526,0.232235,0.232723,
0.230360,0.230982,0.233491,
0.231744,0.231640,0.232479,
0.235713,0.234297,0.232133,
0.234853,0.234246,0.234510,
0.235417,0.235138,0.235413,
0.234962,0.235709,0.235301,
0.229328,0.229403,0.229929,
0.233953,0.232806,0.233069,
0.234649,0.235146,0.234982,
0.234251,0.234449,0.234460,
0.233980,0.232669,0.232760,
0.234387,0.235218,0.234792,
0.230182,0.230282,0.230816,
0.234501,0.234056,0.234407,
0.234147,0.234204,0.233010,
0.233975,0.234822,0.235178,
0.234116,0.232644,0.232503,
0.236029,0.235785,0.236399,
0.236528,0.236715,0.236692,
0.236199,0.235925,0.236963,
0.231982,0.231576,0.232873,
0.234505,0.235094,0.234133,
0.233241,0.232540,0.233419,
0.236510,0.235231,0.236078,
0.233506,0.233950,0.233856,
0.235250,0.234813,0.235086,
0.233941,0.233229,0.233580,
0.233662,0.233347,0.232597,
0.232316,0.233528,0.234522,
0.235161,0.234569,0.234971,
0.234133,0.233724,0.234037,
0.238819,0.238183,0.237510,
0.231737,0.232407,0.232466,
0.231902,0.232989,0.233661,
0.233505,0.233160,0.233364,
0.235420,0.235585,0.235859,
0.233956,0.234002,0.234730,
0.228877,0.230789,0.231159,
0.234441,0.233614,0.233923,
0.235162,0.234867,0.234085,
0.235598,0.235723,0.236303,
0.235773,0.235146,0.234396,
0.234080,0.234452,0.234328,
0.232462,0.232268,0.232358,
0.232327,0.232106,0.232715,
0.231681,0.231453,0.232638,
0.233578,0.234026,0.233739,
0.232420,0.232928,0.232745,
0.232092,0.232112,0.232501,
0.231063,0.231862,0.231531,
0.233513,0.233187,0.234724,
0.235632,0.235972,0.236882,
0.235963,0.236368,0.237026,
0.236301,0.235820,0.236115,
0.235702,0.236571,0.236588,
0.231766,0.231801,0.231092,
0.235689,0.235552,0.235939,
0.235817,0.235928,0.236765,
0.233847,0.234182,0.233879,
0.233944,0.234316,0.234419,
0.234663,0.234717,0.234257,
0.236136,0.236733,0.235994,
0.233589,0.234386,0.233865,
0.233602,0.233380,0.234135,
0.234790,0.235023,0.234458,
0.234095,0.233603,0.233024,
0.232777,0.233589,0.233997,
0.233965,0.233283,0.233412,
0.235194,0.235172,0.235402,
0.233903,0.233829,0.233383,
0.233086,0.233354,0.234373,
0.232642,0.232438,0.232360,
0.232449,0.232106,0.231548,
0.234792,0.234496,0.234826,
0.237695,0.237927,0.237902,
0.237320,0.237627,0.236303,
0.235191,0.234049,0.234228,
0.234263,0.233914,0.233716,
0.234556,0.234686,0.234860,
0.233966,0.233673,0.233734,
0.234787,0.236308,0.237239,
0.232980,0.233162,0.233574,
0.234975,0.234297,0.235465,
0.234493,0.234059,0.234432,
0.235833,0.235805,0.235606,
0.236627,0.236277,0.235715,
0.234955,0.233766,0.233812,
0.233674,0.233679,0.233521,
0.232969,0.231869,0.231947,
0.234854,0.235469,0.236894,
0.231464,0.231875,0.231353,
0.233195,0.233474,0.234436,
0.231021,0.231104,0.234247,
0.236024,0.237139,0.236793,
0.232494,0.231636,0.232093,
0.235966,0.235347,0.234329,
0.233944,0.234662,0.234036,
0.231919,0.231409,0.231541,
0.230891,0.230272,0.231376,
0.234919,0.234497,0.234406,
0.234874,0.235609,0.234966,
0.236347,0.236392,0.236733,
0.234086,0.233631,0.234055,
0.233505,0.234069,0.233678,
0.233994,0.234089,0.234805,
0.235953,0.235252,0.234633,
0.236474,0.236139,0.236536,
0.233722,0.233844,0.233833,
0.235976,0.235593,0.235836,
0.233993,0.233681,0.233253,
0.232293,0.232170,0.233938,
0.238754,0.239416,0.239963,
0.231614,0.231904,0.233313,
0.236632,0.235346,0.235737,
0.236150,0.235965,0.237395,
0.234662,0.233875,0.233870,
0.234541,0.233857,0.234409,
0.240134,0.239841,0.240123,
0.236025,0.235418,0.234008,
0.234864,0.234065,0.234368,
0.233894,0.233372,0.233891,
0.230974,0.231374,0.232431,
0.233199,0.232131,0.232384,
0.236460,0.235862,0.236804,
0.233711,0.234968,0.235865,
0.231478,0.233018,0.234600,
0.232155,0.233217,0.234842,
0.233520,0.233563,0.232876,
0.234162,0.234866,0.235350,
0.232902,0.232414,0.233409,
0.236849,0.237014,0.236579,
0.232969,0.233515,0.233727,
0.231182,0.230744,0.232649,
0.232630,0.232510,0.233716,
0.232850,0.233630,0.232809,
0.232434,0.231360,0.231788,
0.233855,0.233755,0.234034,
0.234003,0.233877,0.234363,
0.235160,0.234703,0.235812,
0.238442,0.237212,0.238126,
0.234589,0.234270,0.233103,
0.230761,0.230088,0.229862,
0.235627,0.235730,0.235927,
0.236206,0.235692,0.235588,
0.236570,0.236969,0.236887,
0.235639,0.235297,0.236306,
0.233607,0.233439,0.233831,
0.233226,0.232967,0.233348,
0.235016,0.235446,0.235579,
0.235250,0.236240,0.236379,
0.233482,0.233557,0.234014,
0.233172,0.232449,0.233498,
0.232905,0.233539,0.233684,
0.237721,0.237610,0.238587,
0.234866,0.234784,0.235463,
0.234417,0.234459,0.234559,
0.236407,0.237176,0.237203,
0.235433,0.235389,0.236105,
0.233681,0.234296,0.234973,
0.232140,0.232627,0.233478,
0.241330,0.239855,0.240522,
0.234228,0.233355,0.234381,
0.233027,0.233275,0.232693,
0.234434,0.234883,0.234939,
0.235864,0.235437,0.235853,
0.234073,0.234707,0.234149,
0.237038,0.235021,0.235026,
0.234317,0.234193,0.234693,
0.233642,0.234524,0.234091,
0.235260,0.234831,0.235809,
0.233491,0.234573,0.234506,
0.232833,0.233361,0.232700,
0.232063,0.232720,0.233740,
0.234195,0.234006,0.234145,
0.236144,0.235006,0.234188,
0.232889,0.232733,0.232805,
0.233668,0.233053,0.232759,
0.233426,0.233400,0.233692,
0.227051,0.228453,0.228764,
0.232009,0.231885,0.232522,
0.234564,0.234500,0.234746,
0.234860,0.236047,0.235036,
0.233829,0.232634,0.232354,
0.231953,0.232842,0.232713,
0.230066,0.230245,0.231574,
0.235507,0.236011,0.237123,
0.232607,0.232401,0.231775,
0.233253,0.233481,0.232678,
0.235959,0.234229,0.234475,
0.233080,0.233394,0.233940,
0.233626,0.234191,0.233443,
0.237269,0.237477,0.235566,
0.234709,0.234145,0.234253,
0.235140,0.235076,0.236476,
0.236490,0.236997,0.236768,
0.234010,0.235258,0.235572,
0.239723,0.238903,0.238855,
0.235608,0.235004,0.234926,
0.236021,0.236481,0.235583,
0.234305,0.233912,0.233983,
0.234570,0.235545,0.235442,
0.234917,0.235040,0.234428,
0.234171,0.234072,0.234192,
0.231441,0.231069,0.231066,
0.233418,0.233718,0.233204,
0.234628,0.234794,0.236428,
0.235365,0.235583,0.235827,
0.235977,0.235911,0.235695,
0.236070,0.235380,0.236585,
0.233915,0.233097,0.233645,
0.233749,0.234369,0.234727,
0.235232,0.235096,0.235965,
0.235436,0.234932,0.235384,
0.236378,0.236321,0.236358,
0.232728,0.233400,0.231755,
0.230397,0.230160,0.230713,
0.234192,0.234047,0.234776,
0.234605,0.236561,0.236089,
0.233641,0.234190,0.235632,
0.234609,0.235345,0.235279,
0.233755,0.234571,0.234676,
0.228738,0.230454,0.230649,
0.236849,0.237429,0.237124,
0.231202,0.231758,0.230407,
0.233873,0.233575,0.234201,
0.234143,0.234704,0.234963,
0.234302,0.234945,0.235459,
0.233754,0.232835,0.232565,
0.235277,0.235852,0.236521,
0.233637,0.233627,0.233400,
0.231616,0.231823,0.232612,
0.230704,0.231617,0.233098,
0.233612,0.234203,0.234658,
0.234787,0.235767,0.235431,
0.237450,0.236317,0.236063,
0.233877,0.233446,0.232520,
0.234071,0.233549,0.234193,
0.233318,0.233923,0.234128,
0.235314,0.235576,0.236802,
0.238497,0.238328,0.240379,
0.236268,0.236582,0.236669,
0.233696,0.233781,0.234713,
0.232359,0.232767,0.233088,
0.233748,0.234260,0.234175,
0.233571,0.233981,0.233881,
0.236357,0.237121,0.238132,
0.234925,0.234943,0.233830,
0.233276,0.233731,0.234262,
0.234802,0.234136,0.234851,
0.231611,0.231796,0.232540,
0.235272,0.236430,0.236224,
0.235701,0.235282,0.236654,
0.234338,0.232932,0.233342,
0.233604,0.234074,0.233621,
0.233669,0.232857,0.233075,
0.237214,0.235751,0.236739,
0.236121,0.235779,0.235678,
0.235379,0.236226,0.235498,
0.232534,0.232205,0.233350,
0.235720,0.235753,0.236286,
0.234551,0.234842,0.235720,
0.234592,0.234084,0.234328,
0.231644,0.232445,0.231837,
0.233124,0.232186,0.232939,
0.228222,0.228693,0.229043,
0.235819,0.236358,0.236564,
0.235172,0.235878,0.235830,
0.234599,0.234163,0.234020,
0.235015,0.234243,0.234722,
0.235350,0.236021,0.235296,
0.234668,0.234049,0.233898,
0.231590,0.232762,0.233136,
0.235611,0.236239,0.236311,
0.237808,0.236287,0.236274,
0.235871,0.234889,0.235041,
0.234499,0.234504,0.233927,
0.235665,0.235321,0.236995,
0.233477,0.233531,0.234143,
0.232192,0.232845,0.231680,
0.232820,0.233437,0.232937,
0.234402,0.233950,0.233981,
0.234094,0.235104,0.234865,
0.237478,0.236788,0.237489,
0.236061,0.236078,0.236254,
0.235830,0.234547,0.234592,
0.232920,0.232768,0.232780,
0.233125,0.233182,0.232821,
0.234098,0.234978,0.234265,
0.237873,0.238300,0.238473,
0.237947,0.237293,0.237534,
0.235605,0.236184,0.236640,
0.232345,0.232279,0.233060,
0.233690,0.233515,0.234151,
0.235631,0.236117,0.236137,
0.236312,0.236266,0.234989,
0.233497,0.233657,0.234140,
0.234640,0.234969,0.234585,
0.232608,0.232454,0.232508,
0.234055,0.234383,0.234610,
0.236734,0.236907,0.236665,
0.235356,0.236222,0.236278,
0.234204,0.235062,0.235796,
0.234118,0.233502,0.233945,
0.235367,0.235631,0.236855,
0.233553,0.234287,0.234317,
0.232903,0.233164,0.234127,
0.233532,0.233434,0.233234,
0.227326,0.228465,0.227517,
0.235976,0.235786,0.235637,
0.235265,0.234683,0.234946,
0.234096,0.234221,0.235175,
0.235429,0.233968,0.234557,
0.232565,0.233409,0.233134,
0.233275,0.232309,0.232625,
0.235519,0.234189,0.234936,
0.232422,0.234331,0.234493,
0.233601,0.233224,0.233587,
0.235994,0.235194,0.233902,
0.233273,0.233903,0.234718,
0.235161,0.235237,0.234193,
0.235790,0.235582,0.237092,
0.233131,0.233252,0.234149,
0.232896,0.231657,0.232661,
0.234946,0.234460,0.234669,
0.234052,0.234168,0.236093,
0.237870,0.237827,0.235770,
0.235380,0.236055,0.235770,
0.236562,0.235924,0.237851,
0.234510,0.234182,0.234558,
0.234736,0.234888,0.235916,
0.234135,0.233345,0.233279,
0.232860,0.232621,0.232213,
0.232728,0.232652,0.233068,
0.234299,0.234409,0.234873,
0.237122,0.237157,0.236049,
0.235728,0.236124,0.235421,
0.236947,0.235513,0.235709,
0.236024,0.235579,0.235250,
0.229232,0.228758,0.227933,
0.233032,0.232832,0.233248,
0.232110,0.231818,0.233386,
0.235534,0.235667,0.234839,
0.233819,0.233757,0.233914,
0.234861,0.234545,0.234549,
0.232543,0.232585,0.232617,
0.236707,0.236212,0.237282,
0.235332,0.234980,0.234976,
0.232478,0.232297,0.231841,
0.233035,0.234203,0.234514,
0.234016,0.233776,0.234676,
0.230856,0.232362,0.231422,
0.238554,0.237516,0.236753,
0.235339,0.234899,0.234960,
0.235519,0.235961,0.236027,
0.236654,0.236605,0.236450,
0.231280,0.232631,0.234308,
0.237628,0.237081,0.236234,
0.234862,0.234393,0.233458,
0.233885,0.234012,0.234628,
0.236146,0.236472,0.237168,
0.235322,0.236231,0.236587,
0.237132,0.235308,0.233251,
0.236526,0.236727,0.236531,
0.233750,0.234446,0.233553,
0.234389,0.234492,0.234658,
0.236006,0.235016,0.235350,
0.235599,0.236056,0.236657,
0.235766,0.235604,0.235908,
0.239876,0.239746,0.239351,
0.232843,0.234542,0.236247,
0.232139,0.232836,0.233625,
0.232860,0.234380,0.233893,
0.233813,0.232698,0.233019,
0.234507,0.234434,0.235137,
0.236023,0.236458,0.235915,
0.236805,0.237428,0.237747,
0.234839,0.234197,0.234720,
0.232740,0.233517,0.234368,
0.234212,0.234272,0.234162,
0.235010,0.234258,0.233748,
0.231454,0.231597,0.231485,
0.231108,0.230655,0.230736,
0.236915,0.236973,0.236995,
0.235260,0.234805,0.235384,
0.236469,0.235959,0.235287,
0.231989,0.231302,0.232331,
0.232271,0.231988,0.231043,
0.231318,0.231576,0.232304,
0.235350,0.235747,0.236473,
0.232473,0.232769,0.231661,
0.235749,0.236288,0.236659,
0.235262,0.235322,0.236887,
0.236474,0.237046,0.236861,
0.235899,0.235139,0.233524,
0.234628,0.234403,0.235313,
0.232378,0.232689,0.232590,
0.234566,0.235055,0.235272,
0.235571,0.235509,0.236015,
0.236510,0.236082,0.235828,
0.235690,0.235225,0.235949,
0.237423,0.236484,0.236574,
0.232125,0.232337,0.231587,
0.235428,0.234571,0.235450,
0.235520,0.236094,0.236098,
0.237041,0.238282,0.238268,
0.237596,0.238161,0.238480,
0.233897,0.234646,0.235477,
0.231300,0.231567,0.232587,
0.233556,0.233262,0.233360,
0.233558,0.233302,0.233434,
0.234898,0.234734,0.234780,
0.239224,0.239320,0.240610,
0.236832,0.236238,0.236564,
0.235671,0.236280,0.235948,
0.234867,0.235940,0.236463,
0.232407,0.231556,0.232965,
0.234900,0.235377,0.234590,
0.233581,0.234080,0.234589,
0.235396,0.235270,0.235665,
0.234148,0.234049,0.234074,
0.235083,0.234855,0.234529,
0.231999,0.231241,0.231678,
0.232163,0.233422,0.233049,
0.235164,0.235459,0.236337,
0.236167,0.235348,0.235656,
0.231810,0.232989,0.233371,
0.233959,0.234066,0.234006,
0.235777,0.235506,0.236367,
0.234331,0.234998,0.233789,
0.234580,0.235014,0.235684,
0.230253,0.229541,0.231401,
0.234626,0.234936,0.234974,
0.232929,0.232820,0.233161,
0.233888,0.233849,0.234407,
0.235778,0.235460,0.235860,
0.233838,0.234221,0.234135,
0.232149,0.231402,0.232265,
0.234943,0.234255,0.235054,
0.234370,0.234157,0.234656,
0.234980,0.234756,0.235506,
0.237426,0.236454,0.236956,
0.235427,0.235766,0.235622,
0.238598,0.236554,0.237043,
0.235013,0.235289,0.235209,
0.237632,0.237832,0.236501,
0.236617,0.235930,0.236097,
0.235357,0.234990,0.234982,
0.235937,0.235989,0.235022,
0.238711,0.238861,0.239275,
0.233036,0.233118,0.233108,
0.233385,0.233519,0.234302,
0.235345,0.234779,0.235348,
0.233161,0.232885,0.232099,
0.237148,0.237628,0.237470,
0.238350,0.238423,0.240531,
0.233905,0.234535,0.234704,
0.235340,0.235849,0.235056,
0.232909,0.233066,0.232764,
0.236680,0.234904,0.234763,
0.234422,0.234221,0.234576,
0.235234,0.234314,0.234238,
0.232919,0.232487,0.234856,
0.235383,0.234646,0.234679,
0.233565,0.233479,0.233261,
0.235406,0.235061,0.235357,
0.232921,0.233365,0.233798,
0.234548,0.234308,0.234560,
0.233576,0.233402,0.233700,
0.233206,0.233622,0.234322,
0.235262,0.235821,0.235384,
0.236352,0.236085,0.236852,
0.234482,0.234482,0.235018,
0.235708,0.235891,0.236233,
0.229980,0.228393,0.229378,
0.236164,0.236767,0.237547,
0.233688,0.233463,0.233630,
0.234637,0.234425,0.234674,
0.233364,0.234534,0.233912,
0.234257,0.235511,0.235762,
0.231236,0.231568,0.231936,
0.235373,0.235418,0.235871,
0.235625,0.235296,0.235667,
0.235116,0.235694,0.236338,
0.234336,0.234029,0.234646,
0.236391,0.236231,0.236992,
0.236790,0.236458,0.236816,
0.236313,0.235541,0.236292,
0.235434,0.236177,0.236806,
0.235439,0.234987,0.236002,
0.233588,0.233523,0.233116,
0.232418,0.232430,0.233022,
0.237100,0.235657,0.235826,
0.236186,0.235538,0.236187,
0.235708,0.236090,0.236442,
0.234547,0.235299,0.235560,
0.235382,0.235214,0.235480,
0.237537,0.237154,0.237578,
0.238042,0.238890,0.238959,
0.236948,0.236469,0.236254,
0.237671,0.236629,0.236026,
0.235970,0.237131,0.236533,
0.234182,0.233187,0.232772,
0.234268,0.234436,0.234194,
0.230488,0.231161,0.231322,
0.235681,0.236186,0.236094,
0.236156,0.234928,0.235579,
0.235337,0.235164,0.235627,
0.233054,0.234041,0.232790,
0.234693,0.233998,0.234732,
0.232127,0.232074,0.232425,
0.234626,0.234154,0.234513,
0.235803,0.235719,0.237253,
0.237340,0.236622,0.237627,
0.235491,0.236461,0.236078,
0.235616,0.235620,0.236307,
0.234997,0.236104,0.235046,
0.232793,0.232830,0.232438,
0.234400,0.232944,0.233653,
0.233082,0.232748,0.231873,
0.234380,0.234704,0.234757,
0.233620,0.233709,0.234151,
0.233438,0.233242,0.232981,
0.231782,0.231370,0.231266,
0.236606,0.235646,0.235857,
0.235954,0.235092,0.235214,
0.234131,0.233964,0.233739,
0.233110,0.232657,0.233437,
0.235397,0.235280,0.234923,
0.238550,0.238799,0.238167,
0.237643,0.239062,0.238504,
0.236095,0.236013,0.235993,
0.236907,0.236196,0.234978,
0.237756,0.237514,0.238116,
0.238255,0.238251,0.238108,
0.240170,0.240983,0.240323,
0.234568,0.234569,0.236151,
0.236473,0.236174,0.236669,
0.235841,0.236720,0.237597,
0.235129,0.235306,0.234678,
0.236309,0.235485,0.235505,
0.237765,0.237531,0.237269,
0.236602,0.235767,0.235454,
0.235962,0.235546,0.235350,
0.234678,0.235126,0.234787,
0.233721,0.234193,0.234330,
0.234895,0.234497,0.234773,
0.232007,0.231099,0.230575,
0.236139,0.235994,0.235923,
0.235463,0.236090,0.236955,
0.236150,0.237271,0.236865,
0.236673,0.236661,0.237353,
0.237283,0.236006,0.235872,
0.231802,0.230315,0.230495,
0.237034,0.237888,0.237944,
0.234747,0.234543,0.235202,
0.234267,0.234149,0.233816,
0.233795,0.233357,0.233356,
0.235990,0.236396,0.236338,
0.236136,0.234293,0.234506,
0.239458,0.239163,0.238548,
0.236143,0.235765,0.237283,
0.237419,0.236512,0.237687,
0.235131,0.234683,0.234972,
0.234878,0.235540,0.235383,
0.235707,0.235197,0.235629,
0.236932,0.237285,0.237879,
0.236438,0.236229,0.236267,
0.235444,0.234474,0.234283,
0.235969,0.234736,0.234314,
0.236429,0.237513,0.237726,
0.235039,0.233971,0.234547,
0.236140,0.236766,0.235724,
0.233640,0.233948,0.233529,
0.231430,0.232579,0.233538,
0.233273,0.233830,0.234467,
0.233798,0.234192,0.235176,
0.235632,0.236416,0.236863,
0.241305,0.241130,0.242074,
0.235288,0.235491,0.235194,
0.234137,0.234572,0.235316,
0.235572,0.235367,0.235675,
0.233222,0.232690,0.231713,
0.233580,0.233275,0.232691,
0.235710,0.235796,0.234725,
0.236098,0.236045,0.236159,
0.236307,0.235803,0.236542,
0.234639,0.233766,0.234296,
0.237026,0.235667,0.235327,
0.236460,0.237864,0.237197,
0.234246,0.233279,0.232683,
0.235439,0.235750,0.236436,
0.235962,0.236280,0.236897,
0.232796,0.233101,0.235770,
0.233024,0.233641,0.235103,
0.235533,0.235299,0.236237,
0.233657,0.233015,0.234452,
0.235958,0.237025,0.236934,
0.234363,0.234512,0.234576,
0.235149,0.233907,0.234030,
0.233582,0.233117,0.232333,
0.236643,0.236718,0.236822,
0.235776,0.235514,0.235834,
0.230831,0.230504,0.230561,
0.233353,0.233671,0.233494,
0.235537,0.234838,0.235310,
0.236614,0.235686,0.236635,
0.234890,0.234357,0.232847,
0.235675,0.235634,0.237021,
0.235291,0.235734,0.236623,
0.232798,0.233317,0.233092,
0.235463,0.236312,0.235863,
0.236052,0.236628,0.236533,
0.234992,0.234653,0.235355,
0.236678,0.235898,0.236682,
0.239234,0.239826,0.239557,
0.231617,0.231017,0.231968,
0.234334,0.234830,0.234538,
0.232229,0.233810,0.233488,
0.234825,0.235146,0.236478,
0.235569,0.236089,0.235399,
0.240965,0.239553,0.238491,
0.235603,0.235756,0.236107,
0.234662,0.234108,0.235210,
0.233031,0.234031,0.233590,
0.235092,0.234741,0.235988,
0.234967,0.235559,0.235011,
0.233329,0.232554,0.233299,
0.234436,0.233416,0.234672,
0.235607,0.234227,0.233897,
0.236009,0.235527,0.234039,
0.236568,0.236013,0.236846,
0.236162,0.236275,0.236260,
0.232010,0.233036,0.232379,
0.234162,0.234402,0.234956,
0.231620,0.231270,0.232455,
0.232596,0.233014,0.233822,
0.234542,0.234341,0.234235,
0.232401,0.231719,0.232587,
0.229109,0.229417,0.228085,
0.232779,0.233117,0.233034,
0.233848,0.233945,0.233789,
0.232054,0.232456,0.233469,
0.234955,0.235125,0.235867,
0.234674,0.234715,0.234896,
0.232707,0.233704,0.233517,
0.235572,0.234524,0.234739,
0.234254,0.234174,0.234480,
0.232720,0.232092,0.232742,
0.234266,0.233827,0.234272,
0.234170,0.233973,0.234389,
0.233448,0.234073,0.235039,
0.237851,0.237496,0.237046,
0.235707,0.235401,0.235803,
0.234742,0.234895,0.234629,
0.234899,0.234273,0.234122,
0.235356,0.235314,0.236568,
0.236130,0.235604,0.237227,
0.240491,0.240116,0.239484,
0.234637,0.233871,0.233249,
0.233959,0.233900,0.232953,
0.236008,0.235052,0.233616,
0.234751,0.234674,0.234854,
0.234178,0.233852,0.234106,
0.228862,0.229653,0.229809,
0.233638,0.233289,0.234439,
0.232796,0.233358,0.232795,
0.232141,0.233877,0.235858,
0.236592,0.237218,0.237783,
0.236222,0.236269,0.235917,
0.233357,0.234532,0.233562,
0.233702,0.232721,0.232997,
0.232941,0.233724,0.233725,
0.235368,0.236821,0.236046,
0.237348,0.236853,0.236437,
0.236997,0.236872,0.236732,
0.235708,0.234789,0.234530,
0.233708,0.233710,0.233828,
0.234286,0.233563,0.233852,
0.233967,0.234470,0.234291,
0.231452,0.231733,0.231929,
0.233344,0.233200,0.233072,
0.232686,0.233154,0.234148,
0.235231,0.235628,0.235817,
0.235728,0.235125,0.235686,
0.234471,0.234793,0.234377,
0.235388,0.235546,0.236305,
0.234149,0.233690,0.234447,
0.234763,0.234644,0.235233,
0.233676,0.233570,0.234168,
0.235719,0.234492,0.234501,
0.235728,0.234477,0.234409,
0.234288,0.234330,0.235292,
0.235846,0.236424,0.236075,
0.235149,0.235189,0.235179,
0.236443,0.236759,0.236530,
0.233301,0.232022,0.231669,
0.233553,0.232345,0.233314,
0.232072,0.232856,0.231927,
0.235105,0.234984,0.234236,
0.235905,0.234308,0.233560,
0.241709,0.243481,0.242089,
0.234144,0.234095,0.234165,
0.237441,0.237371,0.237054,
0.235584,0.234687,0.234449,
0.233542,0.233717,0.232999,
0.232408,0.231897,0.232220,
0.236956,0.235662,0.236300,
0.231364,0.233638,0.234183,
0.231364,0.231598,0.232286,
0.233420,0.233840,0.233004,
0.234199,0.234940,0.235314,
0.235960,0.235073,0.235358,
0.234608,0.233428,0.232707,
0.234845,0.234491,0.234317,
0.234728,0.234542,0.235033,
0.233855,0.234667,0.234690,
0.235711,0.234263,0.234181,
0.236311,0.235887,0.235745,
0.236214,0.235343,0.236792,
0.232663,0.233624,0.232379,
0.234077,0.234019,0.235451,
0.232696,0.232651,0.233926,
0.233269,0.234557,0.235435,
0.236737,0.235972,0.235824,
0.230371,0.228847,0.229580,
0.232281,0.232301,0.232123,
0.232935,0.232208,0.232574,
0.234149,0.234063,0.234230,
0.232687,0.233229,0.231495,
0.233188,0.233140,0.231533,
0.235018,0.235593,0.234532,
0.236383,0.236495,0.236335,
0.231686,0.231759,0.233541,
0.233646,0.233785,0.234134,
0.233091,0.232880,0.232891,
0.232398,0.233284,0.233800,
0.232922,0.233263,0.234723,
0.236811,0.237416,0.237374,
0.232138,0.234094,0.234021,
0.234181,0.234498,0.234108,
0.234735,0.234105,0.233732,
0.234006,0.233312,0.233635,
0.235239,0.235761,0.237061,
0.240048,0.239717,0.240764,
0.235176,0.234890,0.234913,
0.234069,0.233974,0.233842,
0.234143,0.232695,0.233050,
0.233871,0.234388,0.234921,
0.235306,0.235886,0.236220,
0.235864,0.235972,0.235926,
0.234221,0.233693,0.234585,
0.231684,0.231310,0.231254,
0.234774,0.235210,0.235915,
0.235315,0.233818,0.233253,
0.232541,0.232935,0.234661,
0.230182,0.229646,0.230150,
0.235496,0.235064,0.236136,
0.235599,0.236422,0.235483,
0.231839,0.232150,0.234192,
0.233880,0.233806,0.233343,
0.236311,0.235944,0.235573,
0.232152,0.233266,0.233139,
0.233201,0.232902,0.233668,
0.233474,0.233777,0.234160,
0.234335,0.233931,0.234629,
0.233436,0.233627,0.233656,
0.234060,0.234190,0.232954,
0.229524,0.229055,0.229512,
0.231861,0.232430,0.232745,
0.234447,0.233991,0.234278,
0.235320,0.235501,0.235581,
0.231370,0.231228,0.231736,
0.234567,0.234310,0.233221,
0.237816,0.236292,0.236573,
0.235504,0.234504,0.234099,
0.235040,0.235840,0.235847,
0.234150,0.234614,0.234570,
0.234987,0.234392,0.234327,
0.234557,0.232798,0.232901,
0.236279,0.236286,0.236111,
0.237848,0.235804,0.235857,
0.235251,0.235681,0.236397,
0.233315,0.234057,0.234644,
0.238337,0.234552,0.235274,
0.233929,0.234678,0.235038,
0.233740,0.234402,0.235581,
0.237600,0.236996,0.236332,
0.235314,0.235256,0.235652,
0.234573,0.234404,0.234620,
0.236001,0.236418,0.236905,
0.234143,0.234635,0.235982,
0.236422,0.237071,0.236816,
0.234320,0.234558,0.234446,
0.237196,0.237040,0.238001,
0.234709,0.234274,0.234252,
0.234135,0.234121,0.233201,
0.238098,0.238257,0.238519,
0.234655,0.234213,0.234802,
0.231127,0.231540,0.231625,
0.236339,0.236082,0.236346,
0.234296,0.233868,0.233935,
0.232848,0.233476,0.233209,
0.234599,0.236076,0.236872,
0.235580,0.235208,0.235689,
0.233787,0.234683,0.235220,
0.233951,0.234400,0.234282,
0.234226,0.234051,0.235424,
0.232922,0.232439,0.233171,
0.236313,0.236355,0.234558,
0.233844,0.234050,0.234819,
0.231857,0.232985,0.233128,
0.236465,0.234986,0.235394,
0.232992,0.232227,0.233274,
0.234696,0.235001,0.233911,
0.232791,0.233053,0.232351,
0.233673,0.233316,0.234692,
0.234431,0.233707,0.233679,
0.236279,0.235640,0.236160,
0.234417,0.234171,0.233993,
0.234719,0.234888,0.234380,
0.235397,0.234514,0.235745,
0.235928,0.236929,0.238076,
0.235529,0.236654,0.236403,
0.238773,0.238033,0.237366,
0.233529,0.233402,0.233832,
0.233322,0.234065,0.233889,
0.233148,0.233714,0.234462,
0.234399,0.233501,0.235154,
0.234906,0.235143,0.236472,
0.238463,0.238388,0.238887,
0.234881,0.234405,0.234765,
0.233096,0.234151,0.234461,
0.237081,0.237347,0.236983,
0.233209,0.234759,0.234301,
0.233870,0.233583,0.234199,
0.233180,0.233067,0.232979,
0.237268,0.236785,0.236887,
0.233256,0.232816,0.232948,
0.233734,0.233986,0.233335,
0.233193,0.234136,0.234609,
0.233023,0.232280,0.233136,
0.228647,0.230169,0.231385,
0.234164,0.234105,0.235488,
0.234226,0.235534,0.235830,
0.234368,0.235133,0.235457,
0.233823,0.232841,0.233661,
0.233080,0.232589,0.233794,
0.228049,0.227620,0.227382,
0.234410,0.235272,0.236112,
0.234454,0.235304,0.235154,
0.233939,0.234303,0.234601,
0.233725,0.234567,0.235270,
0.236465,0.236799,0.237084,
0.232923,0.232588,0.233229,
0.234953,0.234706,0.234659,
0.232603,0.232396,0.232951,
0.232040,0.231549,0.233317,
0.232876,0.232461,0.231958,
0.233747,0.234010,0.234421,
0.235631,0.236898,0.237907,
0.235899,0.235792,0.235644,
0.236543,0.235679,0.236107,
0.234100,0.233845,0.234323,
0.233691,0.234020,0.233889,
0.235715,0.236233,0.235236,
0.234645,0.234653,0.235599,
0.239278,0.239221,0.238659,
0.237511,0.237795,0.237140,
0.236438,0.235763,0.234946,
0.236222,0.236208,0.236352,
0.234956,0.235141,0.235662,
0.233333,0.234491,0.233880,
0.229140,0.228005,0.228651,
0.233728,0.233830,0.234236,
0.233963,0.233686,0.234006,
0.234233,0.234155,0.234311,
0.236189,0.235487,0.235058,
0.234287,0.234063,0.234003,
0.232756,0.232630,0.233021,
0.234429,0.234680,0.234596,
0.235074,0.234272,0.234510,
0.234585,0.233699,0.233621,
0.233875,0.234278,0.233994,
0.233717,0.234386,0.234132,
0.235395,0.234808,0.235442,
0.233020,0.233213,0.232935,
0.234324,0.233811,0.233230,
0.233751,0.233568,0.234730,
0.233958,0.234405,0.234314,
0.234787,0.235166,0.235533,
0.231232,0.231111,0.230874,
0.237840,0.237505,0.237215,
0.237687,0.237372,0.236715,
0.237020,0.236205,0.236789,
0.237579,0.237545,0.237809,
0.234688,0.235423,0.233925,
0.231682,0.231368,0.230821,
0.233919,0.233877,0.234192,
0.234115,0.235434,0.234865,
0.235626,0.236133,0.236032,
0.237030,0.235580,0.235430,
0.233295,0.233718,0.233724,
0.239845,0.239592,0.238897,
0.237365,0.236784,0.237551,
0.234138,0.234939,0.234780,
0.233962,0.233906,0.234236,
0.233357,0.233061,0.234625,
0.233777,0.234235,0.233416,
0.238123,0.239066,0.237741,
0.237267,0.236485,0.238079,
0.235835,0.237184,0.236917,
0.232669,0.232827,0.233430,
0.234725,0.234602,0.235994,
0.235021,0.235707,0.236277,
0.234467,0.234611,0.235084,
0.237172,0.237179,0.236969,
0.235256,0.235683,0.235841,
0.232446,0.232978,0.232712,
0.234850,0.234358,0.234759,
0.234413,0.233522,0.234473,
0.235438,0.235694,0.235576,
0.232217,0.232507,0.232452,
0.234573,0.234504,0.234863,
0.234323,0.234318,0.234566,
0.236877,0.236236,0.236869,
0.233951,0.233451,0.234269,
0.234259,0.234211,0.234271,
0.234924,0.233663,0.233143,
0.236663,0.236006,0.236178,
0.235242,0.235003,0.234194,
0.233158,0.232770,0.232425,
0.233225,0.231720,0.232791,
0.231813,0.232905,0.233839,
0.231068,0.231419,0.231714,
0.236374,0.236890,0.236723,
0.237854,0.237165,0.237841,
0.234968,0.235074,0.234533,
0.235241,0.234482,0.235322,
0.234994,0.234373,0.233534,
0.232045,0.232716,0.232626,
0.235550,0.235741,0.235851,
0.234304,0.234541,0.235431,
0.235715,0.236488,0.235919,
0.236320,0.235240,0.235067,
0.231569,0.232065,0.232404,
0.236639,0.237419,0.237445,
0.236708,0.237203,0.237187,
0.236268,0.235155,0.235745,
0.231374,0.232589,0.233833,
0.234180,0.234906,0.235508,
0.236622,0.235916,0.237163,
0.235893,0.236370,0.236075,
0.236686,0.237302,0.236949,
0.236966,0.236714,0.237004,
0.237057,0.236821,0.238630,
0.236026,0.235635,0.235009,
0.234921,0.234722,0.234992,
0.236355,0.235744,0.236218,
0.234229,0.233847,0.233885,
0.234493,0.234264,0.234358,
0.234965,0.234515,0.234893,
0.234845,0.234845,0.235114,
0.235613,0.235894,0.235992,
0.235215,0.234507,0.236332,
0.231878,0.231700,0.232946,
0.235778,0.236339,0.236157,
0.232546,0.231035,0.232494,
0.234702,0.234585,0.235443,
0.233720,0.234568,0.234091,
0.235941,0.235262,0.235164,
0.233284,0.234433,0.233913,
0.231915,0.231418,0.231791,
0.234597,0.234144,0.234716,
0.234250,0.234930,0.235045,
0.235691,0.237275,0.237116,
0.235208,0.234936,0.237049,
0.232421,0.231941,0.232438,
0.234821,0.234419,0.235160,
0.236097,0.236043,0.236096,
0.233430,0.233557,0.233914,
0.230477,0.231562,0.232185,
0.233783,0.233634,0.233667,
0.232311,0.231934,0.232635,
0.233606,0.233168,0.233473,
0.235377,0.234217,0.234658,
0.235222,0.235236,0.236290,
0.234163,0.234453,0.234742,
0.233434,0.233655,0.233463,
0.236494,0.237183,0.236350,
0.235381,0.235325,0.235930,
0.235660,0.236598,0.236431,
0.232726,0.232129,0.232549,
0.234338,0.234797,0.234889,
0.233762,0.233909,0.234350,
0.235506,0.235182,0.235701,
0.234035,0.234525,0.234563,
0.235092,0.235361,0.234998,
0.234773,0.234687,0.235089,
0.236348,0.235603,0.235829,
0.234039,0.234198,0.234138,
0.234563,0.233991,0.234583,
0.230434,0.231166,0.231968,
0.233570,0.234238,0.233875,
0.234006,0.233410,0.233588,
0.233405,0.234298,0.233625,
0.235047,0.234868,0.234776,
0.235328,0.235083,0.235653,
0.235004,0.234719,0.234224,
0.234869,0.234102,0.234394,
0.231112,0.232802,0.232609,
0.234272,0.233843,0.233886,
0.234989,0.235597,0.235473,
0.236648,0.236689,0.237485,
0.233173,0.233729,0.233491,
0.236112,0.236669,0.237104,
0.232153,0.231950,0.231508,
0.234724,0.235594,0.235845,
0.234574,0.234599,0.235164,
0.232315,0.232717,0.232319,
0.230909,0.231220,0.231198,
0.232914,0.234542,0.236186,
0.234535,0.234333,0.234807,
0.235758,0.235463,0.235684,
0.232847,0.231972,0.233687,
0.233004,0.233673,0.235465,
0.239053,0.238635,0.237312,
0.231000,0.231688,0.232972,
0.232608,0.235416,0.235030,
0.234969,0.235774,0.235549,
0.236086,0.235211,0.235941,
0.235422,0.235692,0.235779,
0.238925,0.239635,0.239742,
0.235994,0.236037,0.236433,
0.233069,0.234327,0.234821,
0.232277,0.233115,0.233652,
0.233702,0.234670,0.235031,
0.234784,0.234629,0.234742,
0.237348,0.236907,0.237114,
0.233340,0.233757,0.233559,
0.237774,0.236824,0.237212,
0.236206,0.235407,0.235992,
0.232819,0.233087,0.234679,
0.234492,0.234337,0.234343,
0.234339,0.233578,0.232241,
0.233293,0.232965,0.233361,
0.233723,0.233081,0.232213,
0.233769,0.233916,0.234251,
0.235532,0.234958,0.235850,
0.234672,0.235462,0.235359,
0.234800,0.234967,0.235136,
0.233637,0.233188,0.233895,
0.233322,0.233804,0.233600,
0.234321,0.235538,0.235226,
0.235447,0.235671,0.236552,
0.233605,0.232965,0.233870,
0.232735,0.232539,0.232581,
0.232766,0.231764,0.231198,
0.233044,0.234112,0.234837,
0.234241,0.235018,0.233728,
0.235580,0.235153,0.235557,
0.236532,0.236074,0.236162,
0.236031,0.236635,0.236140,
0.235436,0.235940,0.236691,
0.233824,0.232952,0.233714,
0.235435,0.236449,0.235982,
0.232366,0.232427,0.233330,
0.234287,0.233350,0.233708,
0.237053,0.237657,0.236723,
0.237453,0.237723,0.239238,
0.235182,0.234663,0.234814,
0.233795,0.233994,0.233453,
0.235061,0.234830,0.234536,
0.234332,0.232985,0.233490,
0.236684,0.238001,0.236988,
0.235222,0.236616,0.237349,
0.235205,0.234907,0.235409,
0.234541,0.235539,0.236052,
0.233083,0.232971,0.232863,
0.234423,0.234434,0.235978,
0.235669,0.236262,0.236708,
0.235404,0.235528,0.235233,
0.237477,0.237030,0.238069,
0.235072,0.235119,0.235790,
0.236648,0.237182,0.237285,
0.235988,0.235427,0.236327,
0.234322,0.234976,0.235402,
0.227987,0.228761,0.230460,
0.233546,0.233978,0.233873,
0.233729,0.233984,0.234233,
0.235396,0.235255,0.235525,
0.235302,0.235388,0.236034,
0.236649,0.235342,0.234904,
0.235583,0.235641,0.235405,
0.231121,0.231581,0.230677,
0.236496,0.235999,0.235773,
0.234279,0.234503,0.234621,
0.233626,0.233345,0.233071,
0.233653,0.233808,0.232999,
0.232632,0.233246,0.232401,
0.227737,0.228698,0.229809,
0.235159,0.235627,0.237007,
0.235865,0.236797,0.237154,
0.236456,0.237043,0.236535,
0.234872,0.235253,0.235622,
0.235964,0.236054,0.235216,
0.237537,0.236503,0.235557,
0.237309,0.236526,0.236593,
0.234818,0.234754,0.235635,
0.233220,0.232298,0.232467,
0.236457,0.236766,0.236952,
0.236027,0.235887,0.237837,
0.240104,0.240079,0.240095,
0.237705,0.237376,0.236537,
0.238836,0.236977,0.236444,
0.236276,0.236296,0.236953,
0.236105,0.236524,0.236895,
0.235681,0.236280,0.236304,
0.236423,0.237070,0.236658,
0.235043,0.235915,0.235032,
0.234507,0.234185,0.233801,
0.235640,0.235685,0.234973,
0.234121,0.233878,0.233982,
0.234612,0.235624,0.234846,
0.237245,0.235795,0.235252,
0.234970,0.234994,0.234992,
0.237173,0.236635,0.236115,
0.236083,0.235602,0.236061,
0.236802,0.237035,0.237321,
0.238247,0.237744,0.237172,
0.233524,0.230395,0.231589,
0.236377,0.236643,0.236521,
0.235011,0.234803,0.235328,
0.237235,0.237147,0.237941,
0.234875,0.235213,0.233838,
0.234695,0.234842,0.233965,
0.234465,0.233263,0.232613,
0.230829,0.231452,0.230422,
0.237851,0.237810,0.237654,
0.236718,0.236203,0.235602,
0.236242,0.235787,0.236244,
0.236260,0.235308,0.234244,
0.234010,0.232530,0.233405,
0.231762,0.232068,0.232601,
0.235138,0.235527,0.234494,
0.232163,0.234437,0.235571,
0.237109,0.238082,0.238691,
0.235204,0.234754,0.235602,
0.234752,0.235005,0.234667,
0.235944,0.235311,0.235103,
0.234108,0.234316,0.234847,
0.236816,0.234934,0.235180,
0.236548,0.236365,0.236103,
0.232589,0.232643,0.233254,
0.235276,0.235728,0.236677,
0.239940,0.239674,0.240926,
0.235540,0.235400,0.235751,
0.234716,0.235355,0.235999,
0.234788,0.234385,0.235072,
0.233746,0.233009,0.232540,
0.234848,0.234298,0.234185,
0.237050,0.236121,0.236059,
0.236685,0.236668,0.235924,
0.234886,0.235332,0.235128,
0.235943,0.234543,0.234394,
0.236151,0.236830,0.237485,
0.235538,0.236707,0.237068,
0.232782,0.232168,0.233365,
0.236180,0.236196,0.237699,
0.235812,0.236120,0.236952,
0.235166,0.235231,0.235118,
0.234345,0.234462,0.235548,
0.236111,0.235593,0.235949,
0.233388,0.232896,0.232831,
0.231922,0.234276,0.235558,
0.235103,0.235428,0.235971,
0.235295,0.236454,0.235383,
0.236131,0.235631,0.236250,
0.237474,0.237397,0.238190,
0.234191,0.233958,0.234161,
0.232499,0.232263,0.232384,
0.234918,0.235175,0.236078,
0.235156,0.235604,0.235086,
0.234378,0.235026,0.234975,
0.233626,0.233267,0.234583,
0.234875,0.234422,0.234339,
0.234395,0.234518,0.234575,
0.234244,0.234388,0.234968,
0.236883,0.237404,0.235917,
0.236162,0.235937,0.236284,
0.236409,0.237143,0.237390,
0.234829,0.235923,0.236146,
0.237859,0.237745,0.238066,
0.235153,0.235123,0.235127,
0.233504,0.233689,0.234714,
0.236583,0.237210,0.236920,
0.235920,0.234247,0.234667,
0.234933,0.234250,0.234913,
0.238551,0.238094,0.237853,
0.236170,0.235375,0.236156,
0.237897,0.237976,0.236902,
0.233580,0.234291,0.233903,
0.233853,0.233869,0.234244,
0.234326,0.234454,0.235287,
0.236741,0.237454,0.237787,
0.234800,0.235676,0.236828,
0.235031,0.234997,0.235492,
0.231690,0.232393,0.233367,
0.232462,0.231799,0.231694,
0.235138,0.234949,0.234644,
0.232804,0.231912,0.232596,
0.233878,0.235211,0.234956,
0.235937,0.234778,0.236003,
0.232047,0.232421,0.233085,
0.234465,0.235065,0.234503,
0.235838,0.235801,0.236802,
0.232118,0.232511,0.233674,
0.233652,0.234079,0.234485,
0.235726,0.235968,0.236794,
0.235156,0.235395,0.236404,
0.235583,0.235993,0.234980,
0.236353,0.236860,0.237293,
0.232559,0.232386,0.233802,
0.231382,0.232141,0.232760,
0.234569,0.235078,0.235084,
0.237044,0.236079,0.235165,
0.235455,0.236113,0.236487,
0.235296,0.235549,0.236137,
0.235482,0.234695,0.235649,
0.232798,0.233874,0.233500,
0.236525,0.236309,0.236485,
0.234805,0.234824,0.234900,
0.234442,0.233959,0.234147,
0.234858,0.234343,0.234282,
0.234297,0.234578,0.234502,
0.238537,0.238496,0.239127,
0.231831,0.232517,0.233468,
0.233907,0.233545,0.234636,
0.231957,0.231558,0.231987,
0.235163,0.235303,0.235281,
0.235917,0.235634,0.235516,
0.239710,0.238828,0.239419,
0.234749,0.235841,0.235793,
0.236036,0.236520,0.237619,
0.234482,0.234634,0.235558,
0.234315,0.234495,0.234676,
0.236043,0.237153,0.237758,
0.236765,0.237060,0.236270,
0.234176,0.232278,0.232683,
0.235480,0.234861,0.235194,
0.235805,0.235359,0.236279,
0.235175,0.235352,0.235939,
0.235581,0.236363,0.236634,
0.232497,0.233141,0.233959,
0.236545,0.235683,0.237115,
0.234623,0.235733,0.235746,
0.234073,0.234721,0.234340,
0.233663,0.232966,0.232533,
0.232505,0.232169,0.231721,
0.232160,0.232258,0.233124,
0.235175,0.234817,0.235196,
0.236029,0.234717,0.235642,
0.233433,0.234034,0.234665,
0.232139,0.230437,0.230855,
0.232489,0.232046,0.231870,
0.230993,0.231010,0.230642,
0.232497,0.233115,0.232932,
0.235629,0.235755,0.235800,
0.236323,0.237229,0.236663,
0.234228,0.233989,0.234520,
0.232774,0.233042,0.233929,
0.230863,0.233329,0.234485,
0.237140,0.236777,0.238069,
0.236302,0.235760,0.236756,
0.236694,0.236305,0.236083,
0.237024,0.236834,0.236824,
0.235610,0.235582,0.236437,
0.234614,0.234564,0.235193,
0.235116,0.234366,0.235518,
0.234595,0.234014,0.233800,
0.234302,0.234357,0.233616,
0.234886,0.233672,0.233709,
0.234368,0.234365,0.234281,
0.232288,0.232186,0.233061,
0.238198,0.238844,0.238246,
0.233788,0.233462,0.234511,
0.232530,0.232026,0.231481,
0.231505,0.232194,0.231486,
0.234499,0.233547,0.234506,
0.233899,0.234880,0.235171,
0.234459,0.234668,0.234090,
0.235777,0.234421,0.235680,
0.236989,0.236852,0.236657,
0.233660,0.234255,0.234005,
0.234289,0.233958,0.233538,
0.233996,0.233746,0.233931,
0.228458,0.229822,0.230126,
0.231997,0.231984,0.232629,
0.231908,0.232616,0.234244,
0.233931,0.234927,0.235272,
0.231582,0.231710,0.232578,
0.235024,0.235485,0.236873,
0.230477,0.231418,0.230859,
0.234733,0.234579,0.234943,
0.234198,0.233808,0.234188,
0.233528,0.234409,0.235022,
0.234467,0.234803,0.234787,
0.233982,0.231586,0.230881,
0.234114,0.234678,0.237104,
0.233483,0.233592,0.233791,
0.234060,0.233712,0.233751,
0.232889,0.232631,0.231595,
0.233936,0.234301,0.233808,
0.234828,0.234320,0.234421,
0.234019,0.234319,0.234278,
0.235703,0.236556,0.235687,
0.234266,0.234586,0.234861,
0.233881,0.233373,0.233558,
0.239080,0.236830,0.235816,
0.234644,0.234532,0.234615,
0.234234,0.234364,0.234847,
0.239747,0.240272,0.238784,
0.235141,0.235551,0.234923,
0.233959,0.234099,0.235088,
0.236698,0.236842,0.237115,
0.235826,0.236064,0.234827,
0.234294,0.233904,0.234137,
0.235431,0.235959,0.235722,
0.235254,0.235698,0.235639,
0.236959,0.236961,0.237465,
0.234214,0.233912,0.233873,
0.235179,0.234644,0.234020,
0.234230,0.232600,0.232470,
0.232736,0.231731,0.231784,
0.235776,0.235608,0.236841,
0.235122,0.235060,0.235550,
0.235246,0.236020,0.234897,
0.234232,0.234718,0.233508,
0.231902,0.232140,0.233110,
0.229981,0.229700,0.228818,
0.232852,0.234259,0.234372,
0.232320,0.232369,0.233268,
0.234027,0.234036,0.234218,
0.233654,0.234327,0.233962,
0.234658,0.234224,0.235311,
0.232002,0.231074,0.231440,
0.233403,0.233964,0.233746,
0.233791,0.232830,0.233556,
0.233914,0.233549,0.232906,
0.234433,0.234708,0.235038,
0.235629,0.235583,0.236018,
0.235040,0.235841,0.235938,
0.235321,0.236414,0.235682,
0.234396,0.235016,0.234710,
0.233657,0.234222,0.234375,
0.233383,0.233792,0.234085,
0.234797,0.234415,0.234970,
0.235000,0.234428,0.234950,
0.237410,0.237681,0.237703,
0.235261,0.234896,0.234685,
0.235009,0.233873,0.234755,
0.233580,0.234999,0.234283,
0.235727,0.235818,0.235449,
0.233884,0.233440,0.234385,
0.239079,0.239100,0.239416,
0.234617,0.235310,0.234448,
0.233148,0.232700,0.233194,
0.236026,0.236577,0.236865,
0.235218,0.235397,0.235195,
0.232813,0.233422,0.233274,
0.234766,0.234499,0.235301,
0.235030,0.234754,0.234663,
0.234468,0.235158,0.234589,
0.233137,0.232539,0.231948,
0.233759,0.234633,0.235219,
0.234829,0.234706,0.234500,
0.234023,0.231646,0.232341,
0.235335,0.235738,0.235745,
0.231529,0.231591,0.231693,
0.234016,0.234214,0.234733,
0.232339,0.231412,0.231790,
0.231168,0.232398,0.231991,
0.231464,0.230709,0.231510,
0.234847,0.233973,0.234141,
0.237517,0.238254,0.237585,
0.236693,0.236249,0.237514,
0.234216,0.233841,0.234322,
0.233606,0.233641,0.234092,
0.228638,0.228962,0.227612,
0.233723,0.234412,0.235212,
0.239796,0.239311,0.238695,
0.235089,0.235875,0.235007,
0.237954,0.235835,0.235349,
0.234684,0.234278,0.234438,
0.233909,0.234843,0.235407,
0.234954,0.235127,0.236277,
0.235621,0.236125,0.236689,
0.235814,0.235851,0.236864,
0.236188,0.236582,0.235646,
0.236984,0.235223,0.236165,
0.237223,0.235959,0.235960,
0.237599,0.237433,0.236534,
0.233411,0.233615,0.233682,
0.236264,0.235314,0.234976,
0.234345,0.235116,0.234671,
0.235746,0.234588,0.233636,
0.232231,0.232346,0.232809,
0.235181,0.234265,0.234544,
0.232755,0.234014,0.233745,
0.232791,0.233098,0.231708,
0.235940,0.237124,0.237077,
0.234401,0.233809,0.234802,
0.231238,0.231776,0.232185,
0.238211,0.236323,0.236494,
0.234272,0.233073,0.233812,
0.233698,0.234529,0.233786,
0.234926,0.235027,0.235264,
0.234299,0.234646,0.234780,
0.230854,0.231886,0.232125,
0.230205,0.231004,0.230930,
0.234518,0.234471,0.234815,
0.235468,0.236513,0.235622,
0.234351,0.234822,0.234681,
0.234383,0.233273,0.234232,
0.235807,0.235754,0.235466,
0.232998,0.233152,0.233870,
0.235584,0.235426,0.235856,
0.234238,0.235300,0.235281,
0.233000,0.236330,0.236167,
0.235751,0.235504,0.236384,
0.233979,0.234382,0.235118,
0.233487,0.232675,0.234655,
0.237071,0.237123,0.237156,
0.235944,0.235852,0.236264,
0.235688,0.236498,0.235872,
0.236826,0.236551,0.237110,
0.233538,0.233318,0.233928,
0.233016,0.233130,0.232552,
0.234494,0.233897,0.235016,
0.233441,0.232924,0.233261,
0.232303,0.233286,0.232337,
0.233240,0.233464,0.234199,
0.235019,0.235323,0.235897,
0.237696,0.237929,0.239197,
0.237973,0.236907,0.237138,
0.233328,0.233445,0.234789,
0.235548,0.235811,0.235658,
0.236159,0.236549,0.236551,
0.234647,0.234283,0.234767,
0.236580,0.236415,0.235774,
0.238972,0.240194,0.239112,
0.237500,0.236032,0.235812,
0.233589,0.233859,0.234215,
0.233735,0.233888,0.234976,
0.232870,0.232659,0.232403,
0.234371,0.234410,0.233704,
0.234291,0.234556,0.234343,
0.233481,0.233288,0.234205,
0.233762,0.233589,0.234689,
0.232294,0.233214,0.234531,
0.233103,0.233806,0.234706,
0.234029,0.234188,0.234850,
0.233084,0.232478,0.231725,
0.234694,0.234755,0.234809,
0.232651,0.233194,0.232169,
0.233270,0.233775,0.233614,
0.235721,0.236081,0.235539,
0.235249,0.234963,0.235098,
0.230464,0.231168,0.231874,
0.235720,0.235869,0.236205,
0.236296,0.236134,0.236598,
0.235759,0.235344,0.237525,
0.233896,0.233561,0.233651,
0.234329,0.233898,0.234691,
0.231230,0.232504,0.232779,
0.235020,0.235597,0.235684,
0.232027,0.232918,0.234238,
0.232420,0.232329,0.232715,
0.233462,0.234686,0.235413,
0.235071,0.233786,0.234467,
0.233782,0.233261,0.234187,
0.233482,0.233654,0.233834,
0.232151,0.230996,0.230689,
0.233142,0.233184,0.232438,
0.235709,0.235995,0.236150,
0.234449,0.235295,0.235486,
0.238988,0.238804,0.239341,
0.233930,0.234890,0.234740,
0.233460,0.233525,0.233767,
0.234093,0.234030,0.233928,
0.232362,0.233832,0.233620,
0.232044,0.231770,0.231190,
0.230920,0.231115,0.231400,
0.236453,0.236970,0.237134,
0.233810,0.233770,0.234509,
0.235078,0.235330,0.237113,
0.234798,0.235300,0.236412,
0.237608,0.237460,0.238343,
0.235170,0.234794,0.234481,
0.233278,0.232906,0.232781,
0.232928,0.233246,0.233383,
0.233234,0.231416,0.233243,
0.236782,0.235826,0.235816,
0.232192,0.232595,0.232150,
0.233849,0.232780,0.233102,
0.231112,0.231262,0.231267,
0.236125,0.236189,0.235102,
0.235587,0.235604,0.236083,
0.234273,0.233541,0.233868,
0.236280,0.235237,0.233911,
0.235505,0.235434,0.235930,
0.229559,0.229274,0.228934,
0.235112,0.235231,0.234600,
0.234795,0.233955,0.235483,
0.232547,0.232187,0.232400,
0.236113,0.234547,0.233870,
0.234797,0.235608,0.235910,
0.230547,0.230239,0.232282,
0.233760,0.234083,0.233980,
0.235468,0.235849,0.234886,
0.232847,0.232347,0.233461,
0.233560,0.233513,0.233481,
0.234140,0.233991,0.233641,
0.235309,0.234257,0.234438,
0.234890,0.235001,0.234727,
0.234180,0.234528,0.234939,
0.233725,0.232986,0.233676,
0.236935,0.236962,0.234814,
0.235613,0.234585,0.234048,
0.241052,0.240543,0.240475,
0.237346,0.236794,0.236715,
0.233082,0.233524,0.232831,
0.234307,0.234839,0.235028,
0.232118,0.231717,0.232237,
0.233567,0.234116,0.234067,
0.234925,0.234407,0.233610,
0.228444,0.227497,0.228021,
0.233064,0.234359,0.235289,
0.234022,0.234268,0.234981,
0.235728,0.235062,0.235808,
0.235091,0.234580,0.235164,
0.234583,0.234113,0.234128,
0.233924,0.233757,0.235300,
0.233995,0.233733,0.234661,
0.231579,0.231683,0.232078,
0.233964,0.234398,0.235070,
0.234152,0.233803,0.234324,
0.233928,0.234197,0.234233,
0.234669,0.234835,0.234662,
0.233347,0.232958,0.233472,
0.233992,0.234328,0.234477,
0.233989,0.234825,0.234912,
0.236234,0.235374,0.235944,
0.236042,0.236137,0.235620,
0.227846,0.227765,0.227724,
0.236046,0.234578,0.234187,
0.234658,0.235115,0.235444,
0.234113,0.234326,0.234521,
0.235631,0.236020,0.236431,
0.236855,0.234339,0.234357,
0.231692,0.231276,0.231038,
0.234403,0.233793,0.233915,
0.234434,0.234867,0.234200,
0.234636,0.234196,0.232813,
0.234190,0.233596,0.233773,
0.233788,0.234148,0.234580,
0.235172,0.236384,0.236695,
0.236730,0.237229,0.235943,
0.235076,0.235463,0.236212,
0.233624,0.235245,0.234712,
0.233114,0.232807,0.233095,
0.231469,0.231918,0.234015,
0.236684,0.237872,0.237487,
0.237387,0.237443,0.236370,
0.235045,0.234367,0.234854,
0.236257,0.235254,0.235230,
0.230500,0.229940,0.232019,
0.231310,0.233121,0.234446,
0.234631,0.234341,0.233840,
0.231022,0.230219,0.230502,
0.236690,0.236265,0.236139,
0.232214,0.232852,0.233406,
0.233044,0.234379,0.234534,
0.240913,0.239665,0.240778,
0.238290,0.237639,0.238280,
0.233300,0.233109,0.232049,
0.234196,0.233899,0.233797,
0.232133,0.232427,0.232843,
0.233237,0.234239,0.234085,
0.234334,0.234817,0.235929,
0.233517,0.231925,0.232561,
0.230541,0.231200,0.230621,
0.234532,0.234868,0.234896,
0.235570,0.235337,0.236522,
0.231487,0.232442,0.233328,
0.232887,0.233233,0.233384,
0.234987,0.234737,0.234986,
0.232489,0.232951,0.231732,
0.235212,0.236005,0.234956,
0.233964,0.234755,0.234638,
0.235062,0.234996,0.235991,
0.233358,0.234277,0.234203,
0.233830,0.233746,0.233123,
0.231198,0.230613,0.230245,
0.235427,0.235730,0.235515,
0.235871,0.237472,0.235811,
0.235300,0.234398,0.234110,
0.236154,0.236145,0.234019,
0.234982,0.236070,0.235555,
0.237115,0.236129,0.236515,
0.236903,0.237485,0.237666,
0.233133,0.233711,0.233763,
0.234542,0.233653,0.233638,
0.232669,0.230774,0.231302,
0.233737,0.234507,0.234534,
0.239003,0.238704,0.238413,
0.235985,0.235134,0.236106,
0.236098,0.235555,0.234669,
0.230734,0.230289,0.231735,
0.235484,0.236297,0.235855,
0.236714,0.237071,0.234417,
0.237230,0.236642,0.236847,
0.235298,0.234923,0.235252,
0.233985,0.233953,0.233395,
0.233536,0.233207,0.233402,
0.234439,0.235216,0.235732,
0.235726,0.235678,0.235231,
0.235305,0.235705,0.235519,
0.234822,0.234502,0.235747,
0.237289,0.237860,0.237228,
0.235407,0.235370,0.235729,
0.235865,0.235075,0.235093,
0.234279,0.235594,0.236132,
0.234537,0.233952,0.233962,
0.227548,0.229429,0.231407,
0.236127,0.235631,0.235797,
0.236789,0.237820,0.238043,
0.235038,0.235824,0.235388,
0.233959,0.233950,0.233462,
0.232868,0.232558,0.232538,
0.231269,0.230029,0.230216,
0.234525,0.234729,0.235317,
0.234336,0.233352,0.234093,
0.235297,0.233137,0.233805,
0.233819,0.234172,0.233873,
0.233010,0.231753,0.232314,
0.232735,0.232966,0.233348,
0.236140,0.237467,0.236826,
0.235907,0.236487,0.235802,
0.236450,0.235618,0.236792,
0.232742,0.233784,0.233511,
0.233618,0.232897,0.234333,
0.237891,0.237035,0.236899,
0.237517,0.237862,0.237049,
0.237178,0.235173,0.236253,
0.235902,0.235861,0.235810,
0.232362,0.231739,0.231404,
0.232906,0.232623,0.233145,
0.236107,0.237586,0.238328,
0.233502,0.233808,0.234355,
0.235293,0.235345,0.235240,
0.233623,0.232624,0.233595,
0.232796,0.232730,0.233328,
0.234836,0.235102,0.235459,
0.233217,0.233557,0.234341,
0.235879,0.236662,0.236135,
0.236130,0.236126,0.236752,
0.233196,0.234875,0.235853,
0.234685,0.234766,0.234579,
0.234185,0.233523,0.234200,
0.233912,0.233255,0.233771,
0.232122,0.232721,0.231862,
0.236549,0.236323,0.236124,
0.233947,0.234080,0.235060,
0.236722,0.236413,0.236331,
0.233744,0.234181,0.233729,
0.235340,0.235611,0.236243,
0.233317,0.232736,0.232425,
0.231793,0.232867,0.233436,
0.233827,0.234016,0.234314,
0.233959,0.235075,0.234756,
0.234970,0.234946,0.235410,
0.235950,0.235443,0.236256,
0.233365,0.234012,0.233583,
0.236650,0.237103,0.236446,
0.233778,0.233270,0.233558,
0.236159,0.236255,0.236515,
0.232300,0.232032,0.232121,
0.234263,0.233940,0.235072,
0.233032,0.234193,0.234929,
0.234867,0.235558,0.235420,
0.235361,0.235450,0.234826,
0.234417,0.234500,0.234081,
0.234578,0.234467,0.233865,
0.233948,0.234058,0.234470,
0.237563,0.236851,0.237504,
0.234561,0.234471,0.234397,
0.233115,0.232528,0.232923,
0.233933,0.235732,0.236252,
0.236542,0.237097,0.237467,
0.235941,0.236639,0.236150,
0.239328,0.239112,0.239341,
0.232568,0.231857,0.232979,
0.235479,0.235026,0.235104,
0.234336,0.234786,0.235027,
0.235466,0.235129,0.235287,
0.236641,0.236883,0.237162,
0.233498,0.232879,0.233180,
0.236430,0.235899,0.236065,
0.234415,0.235160,0.235452,
0.235856,0.235015,0.234559,
0.236019,0.235212,0.234669,
0.234035,0.233672,0.233619,
0.232713,0.232354,0.233109,
0.230808,0.231500,0.232117,
0.234738,0.233846,0.233682,
0.236603,0.236431,0.235595,
0.235793,0.235382,0.235412,
0.235935,0.234853,0.234935,
0.232940,0.233349,0.232680,
0.227948,0.228281,0.229501,
0.234256,0.234197,0.234023,
0.234310,0.234046,0.234404,
0.234659,0.234297,0.234585,
0.233984,0.232642,0.232755,
0.233730,0.233610,0.233698,
0.231200,0.230624,0.230629,
0.235660,0.235045,0.235867,
0.232763,0.232154,0.232397,
0.234946,0.234809,0.234710,
0.235180,0.234090,0.236841,
0.236673,0.237277,0.236725,
0.232057,0.233234,0.232556,
0.233214,0.233710,0.233261,
0.236068,0.236533,0.236353,
0.232523,0.231804,0.231755,
0.235817,0.235867,0.236171,
0.234398,0.234641,0.234629,
0.238570,0.238809,0.239446,
0.236096,0.236085,0.237576,
0.235786,0.236710,0.235271,
0.234671,0.235244,0.235004,
0.235865,0.235322,0.235738,
0.233803,0.234074,0.233811,
0.237079,0.236655,0.236961,
0.236782,0.236671,0.237086,
0.234457,0.235389,0.234171,
0.235414,0.234061,0.234658,
0.235172,0.235599,0.235207,
0.233329,0.233597,0.232701,
0.233989,0.234506,0.234097,
0.236916,0.237457,0.237603,
0.234216,0.234877,0.235164,
0.234785,0.234056,0.235335,
0.232362,0.232068,0.232200,
0.234201,0.235301,0.235552,
0.233900,0.233728,0.233192,
0.234236,0.233475,0.234681,
0.236935,0.237140,0.236222,
0.233352,0.233511,0.233145,
0.232953,0.232731,0.233452,
0.233797,0.233541,0.233048,
0.232220,0.231371,0.232566,
0.232462,0.231970,0.232627,
0.236069,0.236896,0.236232,
0.235563,0.235731,0.234326,
0.233658,0.233679,0.233868,
0.233191,0.233760,0.233261,
0.235509,0.234890,0.234353,
0.231559,0.232736,0.232119,
0.237637,0.236823,0.236888,
0.235557,0.235754,0.235648,
0.235294,0.236488,0.236011,
0.235525,0.235758,0.236199,
0.236850,0.236892,0.236989,
0.235999,0.236418,0.237597,
0.237338,0.236794,0.237008,
0.235094,0.235829,0.235790,
0.236029,0.236721,0.235007,
0.234466,0.234821,0.234396,
0.235691,0.235723,0.236584,
0.237986,0.238734,0.239687,
0.234528,0.234057,0.233953,
0.232842,0.233212,0.233360,
0.234614,0.234862,0.234444,
0.235148,0.234756,0.236018,
0.234939,0.234190,0.235963,
0.237078,0.237525,0.236961,
0.235228,0.235665,0.235011,
0.232708,0.232166,0.232104,
0.234156,0.234244,0.234327,
0.234858,0.235463,0.235239,
0.235540,0.235259,0.235986,
0.233678,0.233938,0.233109,
0.236584,0.236727,0.236943,
0.234461,0.234011,0.233703,
0.232914,0.231288,0.231562,
0.233041,0.232910,0.232387,
0.233084,0.233885,0.234248,
0.231897,0.231942,0.232057,
0.234463,0.234339,0.233805,
0.234975,0.234097,0.234032,
0.234337,0.233448,0.233138,
0.234525,0.235394,0.235288,
0.234823,0.235388,0.234493,
0.234059,0.233466,0.232842,
0.231269,0.231041,0.231015,
0.234205,0.234839,0.236197,
0.233128,0.233680,0.235059,
0.233627,0.234474,0.233745,
0.236228,0.236921,0.236576,
0.233489,0.233231,0.233586,
0.233082,0.232876,0.232969,
0.235836,0.236231,0.235597,
0.234188,0.235239,0.236332,
0.235510,0.235175,0.234977,
0.237029,0.237003,0.235800,
0.236236,0.236949,0.237530,