Irms1,Irms2,Irms3,
0.224849,0.224185,0.223877,
0.244920,0.246239,0.248036,
0.251982,0.250809,0.249449,
0.220530,0.220085,0.219351,
0.222042,0.222424,0.221378,
0.246316,0.247510,0.248841,
0.236478,0.236335,0.236513,
0.237917,0.237953,0.238333,
0.234030,0.235388,0.236564,
0.237366,0.238023,0.236415,
0.235689,0.236346,0.235083,
0.235719,0.235118,0.235956,
0.235346,0.235519,0.236104,
0.236086,0.236848,0.236572,
0.235590,0.235989,0.236095,
0.233985,0.234970,0.235313,
0.236629,0.236296,0.236687,
0.236242,0.236485,0.236970,
0.235628,0.235892,0.235915,
0.238116,0.237492,0.238134,
0.235623,0.236820,0.236930,
0.236503,0.235885,0.235920,
0.235444,0.235935,0.233963,
0.235600,0.235726,0.235693,
0.236136,0.236616,0.236466,
0.239856,0.239132,0.238796,
0.236016,0.236175,0.236043,
0.237345,0.238555,0.238422,
0.236845,0.236431,0.237649,
0.235459,0.236212,0.236407,
0.236059,0.236747,0.236477,
0.237477,0.237707,0.239722,
0.237011,0.237351,0.238110,
0.236265,0.236293,0.236321,
0.235316,0.234291,0.234846,
0.234883,0.234750,0.235435,
0.236275,0.237728,0.237099,
0.233368,0.232633,0.232890,
0.237638,0.237003,0.238290,
0.237554,0.238314,0.238078,
0.234085,0.233748,0.233730,
0.236237,0.235406,0.235681,
0.235316,0.235771,0.236432,
0.236093,0.235849,0.235870,
0.231782,0.232794,0.233569,
0.236662,0.236898,0.236065,
0.237178,0.237532,0.237240,
0.236547,0.236568,0.236208,
0.234158,0.234156,0.234378,
0.237028,0.236061,0.235685,
0.239278,0.238634,0.238356,
0.236103,0.236159,0.235984,
0.233106,0.233155,0.234224,
0.236506,0.235788,0.236448,
0.233990,0.234928,0.235381,
0.238697,0.238144,0.238945,
0.238226,0.239036,0.237990,
0.235409,0.236217,0.236738,
0.236329,0.235811,0.236195,
0.235712,0.236950,0.238033,
0.235895,0.235151,0.235494,
0.237615,0.237415,0.237958,
0.239101,0.239149,0.239056,
0.236854,0.238379,0.239141,
0.234913,0.234429,0.234827,
0.237206,0.237275,0.236777,
0.236797,0.236075,0.235834,
0.237559,0.237173,0.238739,
0.240359,0.240243,0.240389,
0.232614,0.233238,0.234789,
0.240728,0.240333,0.241435,
0.235971,0.236249,0.236871,
0.235346,0.234871,0.235663,
0.237019,0.235982,0.236599,
0.237601,0.238287,0.238298,
0.235960,0.235227,0.235179,
0.236179,0.236239,0.236079,
0.235144,0.235694,0.235895,
0.234119,0.233275,0.233947,
0.235046,0.234735,0.234959,
0.232930,0.233208,0.232461,
0.237508,0.237522,0.236769,
0.236857,0.237163,0.237800,
0.234561,0.233759,0.233688,
0.236830,0.236985,0.236550,
0.234155,0.235603,0.236353,
0.233586,0.234058,0.233400,
0.236736,0.235100,0.235344,
0.236119,0.235656,0.235919,
0.235930,0.235438,0.235475,
0.235384,0.236575,0.236333,
0.235174,0.234905,0.234953,
0.233638,0.233984,0.234620,
0.231939,0.232849,0.232759,
0.236250,0.236257,0.236486,
0.235825,0.235613,0.234916,
0.234137,0.234618,0.234804,
0.233680,0.233823,0.234241,
0.235564,0.236175,0.236302,
0.235389,0.235600,0.235862,
0.236624,0.236017,0.235295,
0.234738,0.235817,0.235663,
0.234675,0.235569,0.234876,
0.235302,0.235386,0.235856,
0.236874,0.237700,0.236197,
0.239491,0.239787,0.239519,
0.236198,0.236171,0.236692,
0.235097,0.234745,0.235570,
0.236850,0.237379,0.237961,
0.235911,0.235431,0.236412,
0.236061,0.236248,0.236516,
0.239449,0.240119,0.240097,
0.235911,0.236209,0.236704,
0.235712,0.234646,0.235002,
0.235997,0.236729,0.236352,
0.234730,0.234739,0.235275,
0.235722,0.235978,0.235716,
0.236140,0.237003,0.236413,
0.236142,0.236116,0.236917,
0.235603,0.234800,0.235446,
0.234167,0.233666,0.234009,
0.234637,0.234787,0.235545,
0.236493,0.236179,0.235864,
0.232666,0.232994,0.232789,
0.236774,0.236883,0.235803,
0.235711,0.234692,0.235540,
0.236476,0.236572,0.236875,
0.235221,0.235086,0.235532,
0.237287,0.236836,0.236972,
0.230997,0.231653,0.232284,
0.236136,0.234867,0.235835,
0.236236,0.236798,0.237138,
0.235126,0.235721,0.235797,
0.233924,0.234544,0.234119,
0.235210,0.235284,0.235662,
0.236217,0.236500,0.236266,
0.236207,0.236972,0.237016,
0.236007,0.235643,0.236014,
0.233385,0.233715,0.233894,
0.235705,0.236209,0.236868,
0.233326,0.235267,0.235639,
0.234853,0.234753,0.234309,
0.236969,0.237616,0.237127,
0.236223,0.235697,0.235786,
0.233404,0.233841,0.234110,
0.239174,0.237256,0.236807,
0.235711,0.235619,0.236115,
0.236282,0.237038,0.236871,
0.239849,0.239570,0.239610,
0.236118,0.236225,0.236127,
0.234559,0.234550,0.234040,
0.237533,0.238223,0.237487,
0.235963,0.236029,0.236640,
0.234633,0.234965,0.234245,
0.241108,0.240871,0.240906,
0.233793,0.233916,0.233851,
0.235443,0.234738,0.234686,
0.236023,0.235748,0.236263,
0.236099,0.235591,0.235084,
0.236426,0.237239,0.237388,
0.231306,0.230492,0.231879,
0.235625,0.236144,0.235969,
0.234379,0.235285,0.235145,
0.235689,0.235952,0.235741,
0.237581,0.237433,0.237007,
0.234221,0.234364,0.233927,
0.232176,0.230817,0.232256,
0.237239,0.237702,0.235307,
0.234522,0.235730,0.236283,
0.233827,0.233377,0.235249,
0.235873,0.236026,0.236223,
0.235738,0.235608,0.236110,
0.232525,0.233426,0.233535,
0.234408,0.233868,0.233685,
0.235821,0.235467,0.235845,
0.236464,0.236388,0.235470,
0.235228,0.236490,0.235609,
0.234349,0.233942,0.234243,
0.235730,0.236155,0.236371,
0.244494,0.245013,0.245221,
0.233870,0.233531,0.233429,
0.236239,0.236649,0.237943,
0.236263,0.236991,0.236032,
0.236099,0.236786,0.236786,
0.236247,0.236312,0.235967,
0.239024,0.239158,0.239863,
0.234045,0.234064,0.234307,
0.234528,0.234025,0.235591,
0.237305,0.237175,0.236217,
0.235761,0.236012,0.236483,
0.234333,0.233702,0.234358,
0.240766,0.241878,0.241433,
0.238419,0.235984,0.235214,
0.234683,0.232924,0.235151,
0.234858,0.235465,0.234882,
0.235125,0.234061,0.233452,
0.236869,0.236354,0.236720,
0.239659,0.239707,0.239134,
0.235343,0.235174,0.235455,
0.236089,0.235295,0.236435,
0.235747,0.235451,0.234572,
0.235687,0.237029,0.236789,
0.237844,0.237259,0.237091,
0.235357,0.235314,0.235615,
0.234537,0.234857,0.235189,
0.237321,0.237718,0.236785,
0.237365,0.237203,0.236721,
0.236035,0.235821,0.236597,
0.236388,0.236104,0.235942,
0.231681,0.233094,0.233145,
0.235214,0.235457,0.235717,
0.235194,0.235274,0.235386,
0.237224,0.237190,0.236876,
0.234306,0.234748,0.236139,
0.233641,0.234151,0.235023,
0.232842,0.232999,0.231783,
0.236641,0.235784,0.237090,
0.234441,0.234142,0.233851,
0.235227,0.235395,0.234821,
0.235230,0.236309,0.235788,
0.235767,0.234392,0.235209,
0.236511,0.236425,0.236525,
0.236860,0.237426,0.236894,
0.236005,0.235173,0.236139,
0.236159,0.236176,0.236048,
0.237191,0.236693,0.235718,
0.235604,0.235975,0.236613,
0.235342,0.235639,0.236105,
0.240901,0.239047,0.239078,
0.236610,0.236018,0.236802,
0.235053,0.233599,0.235344,
0.235016,0.235039,0.235870,
0.234342,0.233664,0.233946,
0.235533,0.234856,0.235442,
0.236232,0.236488,0.236299,
0.240186,0.240246,0.240214,
0.236895,0.236375,0.237128,
0.234946,0.235587,0.234848,
0.235472,0.235338,0.235753,
0.234205,0.233806,0.233077,
0.236182,0.237479,0.239228,
0.233325,0.234506,0.235230,
0.234688,0.235001,0.234350,
0.236225,0.236520,0.236921,
0.236173,0.236785,0.236376,
0.237456,0.236738,0.236823,
0.236827,0.236002,0.236414,
0.235952,0.236476,0.236646,
0.235835,0.235534,0.235742,
0.235097,0.233562,0.234284,
0.237912,0.237812,0.236510,
0.237158,0.236409,0.236161,
0.232044,0.231834,0.232276,
0.232564,0.232373,0.232570,
0.233983,0.233124,0.234106,
0.236458,0.236801,0.236547,
0.235244,0.234987,0.233931,
0.234827,0.234543,0.234398,
0.231769,0.231571,0.231734,
0.233907,0.233553,0.233562,
0.234095,0.233785,0.233860,
0.235504,0.235482,0.235976,
0.234786,0.235524,0.234883,
0.237233,0.236684,0.236140,
0.233095,0.232589,0.232781,
0.233799,0.234234,0.233197,
0.235795,0.234517,0.234824,
0.234959,0.234964,0.235429,
0.232579,0.235064,0.235589,
0.239399,0.239660,0.239201,
0.237304,0.236681,0.236854,
0.242020,0.241796,0.242898,
0.236070,0.237004,0.236489,
0.235798,0.234722,0.235883,
0.233057,0.232861,0.233380,
0.235502,0.236047,0.234956,
0.235185,0.234343,0.234647,
0.237892,0.238166,0.238766,
0.236122,0.236869,0.237338,
0.236571,0.236883,0.238051,
0.237480,0.237562,0.236630,
0.238348,0.238392,0.238097,
0.235847,0.235919,0.236108,
0.238988,0.239289,0.239268,
0.234576,0.234878,0.234460,
0.236214,0.235621,0.235946,
0.236717,0.237542,0.237747,
0.235270,0.235453,0.235879,
0.231021,0.232122,0.233021,
0.231331,0.231022,0.231477,
0.237059,0.237983,0.237634,
0.236617,0.235794,0.235604,
0.237880,0.238214,0.237714,
0.235511,0.235779,0.236463,
0.232683,0.233470,0.234978,
0.233215,0.233758,0.235009,
0.234982,0.235982,0.235278,
0.233056,0.233428,0.236543,
0.237773,0.237933,0.237941,
0.234690,0.234563,0.234973,
0.237510,0.236535,0.237021,
0.236070,0.235411,0.235391,
0.234075,0.233805,0.234020,
0.235656,0.235372,0.234059,
0.233805,0.233548,0.232418,
0.235676,0.235290,0.235890,
0.235400,0.236454,0.236343,
0.233610,0.234780,0.235893,
0.242034,0.242237,0.242213,
0.236773,0.236515,0.236219,
0.236810,0.236696,0.236975,
0.235428,0.235198,0.235492,
0.236164,0.235958,0.236040,
0.235966,0.236547,0.236939,
0.237407,0.237217,0.237593,
0.234673,0.235002,0.235281,
0.235733,0.235393,0.234970,
0.234951,0.234685,0.235384,
0.235181,0.234534,0.235465,
0.235197,0.236311,0.236202,
0.241722,0.240767,0.240970,
0.234837,0.234720,0.235366,
0.234408,0.234163,0.232911,
0.235769,0.236104,0.236711,
0.235126,0.235873,0.237106,
0.230414,0.231361,0.233562,
0.233220,0.232353,0.232838,
0.235189,0.235218,0.235677,
0.235051,0.235369,0.234972,
0.237835,0.237012,0.236803,
0.235960,0.235983,0.236731,
0.233438,0.233296,0.233197,
0.236770,0.235146,0.234430,
0.236556,0.236129,0.237452,
0.233678,0.235350,0.235968,
0.233711,0.233421,0.232802,
0.236630,0.236886,0.237145,
0.235178,0.235868,0.235778,
0.236899,0.235999,0.236994,
0.235189,0.235002,0.234873,
0.237460,0.238176,0.236796,
0.235078,0.235213,0.235058,
0.233940,0.234394,0.233748,
0.233301,0.234764,0.235093,
0.230591,0.230309,0.231718,
0.232817,0.232572,0.233974,
0.233897,0.234313,0.233994,
0.233185,0.232941,0.233217,
0.235093,0.233758,0.233839,
0.234808,0.234678,0.235340,
0.231574,0.232517,0.234525,
0.236124,0.236463,0.236831,
0.233586,0.234898,0.234811,
0.233175,0.232994,0.233307,
0.237181,0.236951,0.237750,
0.235540,0.235858,0.235681,
0.240603,0.241039,0.241138,
0.236830,0.236130,0.236972,
0.234242,0.235535,0.235733,
0.238889,0.237864,0.238870,
0.237239,0.236808,0.237368,
0.235502,0.236009,0.235466,
0.235540,0.235140,0.236184,
0.238146,0.237592,0.237759,
0.239371,0.238501,0.236811,
0.234267,0.234633,0.234819,
0.235185,0.233664,0.233793,
0.233259,0.232881,0.232017,
0.238219,0.237594,0.238783,
0.233850,0.233033,0.233725,
0.236841,0.238559,0.237723,
0.234971,0.235091,0.234998,
0.234617,0.233999,0.234473,
0.234672,0.235096,0.234781,
0.234493,0.233661,0.234483,
0.231894,0.231869,0.233111,
0.236910,0.236077,0.235133,
0.235247,0.235791,0.235044,
0.235247,0.234988,0.235708,
0.236310,0.237526,0.237153,
0.235255,0.235404,0.235464,
0.231636,0.231143,0.230018,
0.234959,0.235480,0.234819,
0.233136,0.231801,0.233827,
0.233366,0.233314,0.234498,
0.233930,0.234103,0.234459,
0.236857,0.237114,0.237846,
0.229911,0.230149,0.230477,
0.237855,0.238599,0.238103,
0.235983,0.235488,0.235324,
0.237025,0.236857,0.236604,
0.236240,0.234706,0.233167,
0.236651,0.236968,0.237193,
0.234846,0.235622,0.234782,
0.238340,0.236880,0.237484,
0.235318,0.235304,0.235885,
0.237517,0.237540,0.235688,
0.234540,0.235233,0.235749,
0.234415,0.234934,0.235530,
0.238733,0.240046,0.239853,
0.236924,0.235806,0.236550,
0.237427,0.237825,0.238162,
0.236347,0.237002,0.237195,
0.237579,0.238209,0.237837,
0.236208,0.234806,0.234591,
0.234982,0.235969,0.234712,
0.243813,0.245069,0.245222,
0.234969,0.234710,0.235159,
0.233524,0.233600,0.235434,
0.234728,0.233436,0.234393,
0.237988,0.236444,0.235632,
0.234475,0.233618,0.233389,
0.236863,0.237080,0.236885,
0.236006,0.235317,0.236607,
0.234322,0.234611,0.234836,
0.231647,0.231366,0.231916,
0.237488,0.237434,0.237573,
0.234710,0.234937,0.234050,
0.230511,0.229605,0.230439,
0.234580,0.233306,0.233472,
0.234954,0.235432,0.234915,
0.235548,0.235172,0.235477,
0.235216,0.233452,0.234362,
0.234786,0.234687,0.234136,
0.234999,0.236036,0.236190,
0.234755,0.234424,0.235855,
0.234469,0.234042,0.233826,
0.237424,0.237573,0.237998,
0.237022,0.236484,0.235312,
0.234683,0.235036,0.235406,
0.230346,0.231116,0.232791,
0.236485,0.236709,0.238376,
0.234106,0.233910,0.232683,
0.235288,0.234196,0.235537,
0.236728,0.235564,0.236483,
0.232469,0.233209,0.233411,
0.241270,0.240605,0.240105,
0.233892,0.233965,0.235558,
0.234516,0.234487,0.234521,
0.235223,0.236147,0.235987,
0.236072,0.236240,0.237290,
0.235290,0.235181,0.234042,
0.237262,0.236892,0.237166,
0.236504,0.236570,0.237367,
0.233755,0.234886,0.235229,
0.235151,0.234808,0.236189,
0.236992,0.236563,0.236634,
0.236262,0.236613,0.236255,
0.233467,0.234027,0.233962,
0.237782,0.237948,0.238642,
0.237862,0.237507,0.237881,
0.235039,0.235038,0.234333,
0.234110,0.233301,0.233596,
0.234385,0.234676,0.234451,
0.229686,0.229720,0.230016,
0.235482,0.234928,0.236276,
0.234256,0.233517,0.232875,
0.235383,0.235408,0.235928,
0.237274,0.236528,0.236811,
0.233861,0.233695,0.232565,
0.233914,0.234261,0.235094,
0.232573,0.233367,0.233973,
0.237473,0.237805,0.237942,
0.237061,0.237180,0.237814,
0.233831,0.234421,0.236281,
0.233506,0.234708,0.235408,
0.234873,0.234298,0.235029,
0.233293,0.233376,0.234549,
0.233875,0.234196,0.235520,
0.235990,0.236619,0.236374,
0.234612,0.234642,0.235281,
0.233985,0.233867,0.234480,
0.235223,0.234821,0.233883,
0.232950,0.232365,0.233846,
0.235395,0.235873,0.235113,
0.234652,0.234978,0.235075,
0.237025,0.236155,0.237286,
0.234851,0.235214,0.234465,
0.232711,0.233441,0.234793,
0.233792,0.234965,0.234971,
0.234678,0.234851,0.235369,
0.235435,0.235116,0.235979,
0.235162,0.235541,0.236186,
0.236939,0.237837,0.237608,
0.236723,0.236056,0.236888,
0.237930,0.238602,0.238961,
0.237216,0.237431,0.236905,
0.238215,0.237153,0.236175,
0.237558,0.236354,0.235618,
0.233406,0.234600,0.235336,
0.236689,0.235419,0.236553,
0.235873,0.234870,0.234093,
0.236902,0.236178,0.235791,
0.232611,0.232375,0.233668,
0.234743,0.235186,0.235058,
0.233861,0.234008,0.233582,
0.233408,0.233082,0.234156,
0.234732,0.235202,0.235184,
0.236845,0.236831,0.236308,
0.235056,0.234865,0.236427,
0.238656,0.237826,0.236689,
0.235790,0.236122,0.236456,
0.236150,0.234591,0.234741,
0.234661,0.232904,0.231698,
0.231638,0.231100,0.231103,
0.233433,0.232171,0.233166,
0.236213,0.236202,0.237570,
0.237056,0.237474,0.238903,
0.235614,0.235397,0.236244,
0.237497,0.236700,0.237090,
0.226941,0.228328,0.229910,
0.236416,0.236453,0.237182,
0.236640,0.236117,0.237759,
0.233444,0.233729,0.232938,
0.234988,0.235247,0.235174,
0.235675,0.235476,0.235178,
0.237221,0.236940,0.236438,
0.238581,0.238156,0.238505,
0.234429,0.235763,0.235366,
0.234147,0.234458,0.234234,
0.235015,0.234577,0.235516,
0.235209,0.235418,0.235926,
0.240153,0.241322,0.240757,
0.238318,0.238038,0.237996,
0.233080,0.233690,0.233151,
0.234594,0.232621,0.233053,
0.236024,0.236124,0.236729,
0.233109,0.232398,0.232908,
0.237684,0.238642,0.239124,
0.235374,0.234772,0.234741,
0.235920,0.235772,0.235800,
0.236791,0.237425,0.236448,
0.237422,0.235782,0.236633,
0.232939,0.232196,0.232406,
0.236865,0.237335,0.236945,
0.235134,0.235149,0.234352,
0.233508,0.233190,0.233479,
0.237897,0.238058,0.237026,
0.235516,0.235609,0.235778,
0.233961,0.232867,0.234881,
0.233754,0.233897,0.232888,
0.236091,0.235935,0.236810,
0.237447,0.234176,0.233723,
0.235282,0.235164,0.234943,
0.234872,0.234801,0.234579,
0.235412,0.234578,0.235769,
0.232961,0.233185,0.234199,
0.227992,0.229581,0.230807,
0.234864,0.234503,0.235271,
0.238311,0.237813,0.238125,
0.231899,0.232692,0.234038,
0.235684,0.235115,0.235528,
0.238380,0.237677,0.236728,
0.228601,0.228270,0.227805,
0.234639,0.234137,0.234453,
0.234557,0.235267,0.234558,
0.232267,0.232617,0.233490,
0.232706,0.231474,0.232148,
0.237206,0.237388,0.238285,
0.231322,0.230727,0.230143,
0.235048,0.234798,0.235695,
0.232691,0.232557,0.232871,
0.231528,0.234170,0.235083,
0.236136,0.236678,0.237410,
0.235984,0.234771,0.235127,
0.233046,0.233532,0.234112,
0.236189,0.237345,0.237105,
0.233358,0.233990,0.234857,
0.233001,0.233627,0.233420,
0.234678,0.235335,0.236676,
0.237769,0.236051,0.236395,
0.234468,0.233801,0.234904,
0.234957,0.235992,0.236163,
0.236721,0.237013,0.238198,
0.236332,0.237222,0.237142,
0.236095,0.235341,0.236033,
0.235239,0.234792,0.235051,
0.233711,0.233248,0.231408,
0.236638,0.236663,0.237319,
0.236458,0.236154,0.235985,
0.237485,0.236616,0.235186,
0.234871,0.234792,0.235069,
0.234717,0.235601,0.236281,
0.235265,0.235708,0.236593,
0.237598,0.235903,0.234797,
0.237997,0.237965,0.238818,
0.234918,0.235443,0.235062,
0.235410,0.235866,0.236498,
0.235134,0.234252,0.235052,
0.235602,0.236531,0.236470,
0.231978,0.232916,0.233852,
0.235246,0.235598,0.236553,
0.237348,0.236470,0.235541,
0.234863,0.234435,0.234391,
0.232799,0.231122,0.232104,
0.235242,0.234647,0.235949,
0.232400,0.233421,0.233153,
0.235990,0.235770,0.236973,
0.234205,0.234800,0.234188,
0.234121,0.233521,0.232943,
0.235768,0.234139,0.234805,
0.237290,0.237045,0.234935,
0.231814,0.232456,0.232741,
0.236424,0.235899,0.235661,
0.233432,0.232604,0.234051,
0.234976,0.235292,0.235178,
0.235866,0.235335,0.235891,
0.235398,0.235542,0.235470,
0.238057,0.239684,0.239640,
0.236744,0.236493,0.237304,
0.235846,0.234967,0.234654,
0.236564,0.236518,0.235734,
0.234418,0.234934,0.235675,
0.234270,0.234597,0.234380,
0.236018,0.236403,0.235212,
0.238528,0.238556,0.239741,
0.234568,0.233572,0.233605,
0.234132,0.235310,0.234660,
0.235253,0.235680,0.234775,
0.236031,0.236510,0.237582,
0.234780,0.236039,0.235487,
0.232927,0.232514,0.233837,
0.236426,0.236357,0.235887,
0.235422,0.237239,0.236706,
0.231529,0.233537,0.235574,
0.235045,0.235376,0.236978,
0.233990,0.234451,0.233940,
0.235016,0.234496,0.234697,
0.237706,0.238342,0.237295,
0.234375,0.234563,0.235363,
0.234003,0.232267,0.233288,
0.234757,0.234847,0.235200,
0.235882,0.235878,0.235882,
0.235239,0.234441,0.234948,
0.235085,0.235184,0.235684,
0.235939,0.236165,0.236121,
0.235861,0.235983,0.236264,
0.234300,0.235340,0.234609,
0.235127,0.235950,0.236068,
0.231999,0.232086,0.231860,
0.236171,0.236314,0.236403,
0.238148,0.238480,0.237660,
0.237440,0.235555,0.234218,
0.232230,0.231818,0.232593,
0.235337,0.235381,0.235249,
0.232881,0.232088,0.232936,
0.233111,0.235521,0.237179,
0.235521,0.236240,0.237539,
0.236750,0.235642,0.236588,
0.234858,0.235117,0.234885,
0.234877,0.235333,0.235468,
0.236969,0.233952,0.234868,
0.235849,0.235533,0.235937,
0.236195,0.236251,0.237036,
0.236072,0.236019,0.237346,
0.234309,0.234569,0.233752,
0.233362,0.232519,0.233817,
0.237059,0.236577,0.237863,
0.234963,0.233793,0.233857,
0.238767,0.237886,0.236865,
0.236675,0.236909,0.236989,
0.235354,0.235810,0.235735,
0.231807,0.232102,0.234020,
0.235181,0.235498,0.236897,
0.237493,0.237958,0.237909,
0.236752,0.236974,0.236780,
0.233871,0.232389,0.232615,
0.235944,0.236132,0.237084,
0.234924,0.236445,0.236716,
0.236508,0.238503,0.238301,
0.225161,0.225297,0.226034,
0.235918,0.236268,0.238066,
0.235994,0.235376,0.236617,
0.236917,0.236478,0.236217,
0.231957,0.232616,0.234311,
0.237683,0.238060,0.237887,
0.230844,0.230704,0.231466,
0.235247,0.235086,0.235183,
0.235765,0.235785,0.235590,
0.233482,0.232928,0.232256,
0.234897,0.235259,0.236065,
0.236942,0.236938,0.236678,
0.232216,0.232480,0.233131,
0.236913,0.237031,0.237291,
0.237734,0.237101,0.237702,
0.236623,0.235850,0.236259,
0.232485,0.232502,0.233789,
0.235742,0.235534,0.235509,
0.230712,0.229883,0.230935,
0.236001,0.235817,0.235767,
0.236402,0.236958,0.237788,
0.233800,0.233670,0.233538,
0.235103,0.234358,0.234141,
0.234700,0.235437,0.236412,
0.239561,0.240675,0.241131,
0.236900,0.236470,0.237106,
0.235567,0.236119,0.236774,
0.233662,0.232857,0.233347,
0.232496,0.232702,0.232993,
0.231794,0.233158,0.235151,
0.238616,0.238052,0.237756,
0.237512,0.237746,0.237549,
0.236500,0.236406,0.236085,
0.234911,0.234979,0.235250,
0.238482,0.238125,0.238838,
0.232126,0.231440,0.233108,
0.237326,0.238027,0.238390,
0.237328,0.237425,0.237568,
0.234387,0.235195,0.235150,
0.235760,0.236201,0.236541,
0.234390,0.232816,0.234455,
0.234790,0.235494,0.235614,
0.236066,0.232492,0.232390,
0.235342,0.235265,0.236088,
0.235866,0.235925,0.235573,
0.237848,0.237748,0.237034,
0.236076,0.236353,0.237127,
0.234988,0.234869,0.234346,
0.234872,0.234212,0.235099,
0.232874,0.233263,0.232279,
0.236169,0.236864,0.237196,
0.233730,0.234433,0.235907,
0.235546,0.235317,0.235682,
0.235149,0.235843,0.235875,
0.234457,0.234750,0.236446,
0.236109,0.236405,0.236934,
0.235959,0.236120,0.236532,
0.236729,0.236178,0.236082,
0.233085,0.233068,0.234033,
0.235113,0.235791,0.235925,
0.234154,0.232958,0.233097,
0.236614,0.237099,0.236921,
0.235647,0.235694,0.235671,
0.237352,0.236507,0.235709,
0.236474,0.236052,0.235988,
0.235693,0.236196,0.236822,
0.236645,0.235743,0.235038,
0.235635,0.235208,0.235564,
0.235921,0.237421,0.236866,
0.235703,0.236235,0.237667,
0.234313,0.235131,0.236277,
0.232982,0.235151,0.236795,
0.236187,0.237019,0.236748,
0.240104,0.239421,0.240884,
0.235323,0.235249,0.234570,
0.236557,0.236449,0.237058,
0.237944,0.238160,0.236544,
0.235395,0.235969,0.235054,
0.235079,0.234184,0.234684,
0.238560,0.237903,0.237615,
0.238328,0.238589,0.238361,
0.234340,0.233234,0.234081,
0.235796,0.235082,0.235212,
0.236211,0.236430,0.236664,
0.237823,0.236372,0.236654,
0.236369,0.235603,0.235698,
0.231841,0.231550,0.232205,
0.234960,0.234232,0.234827,
0.236013,0.235713,0.236185,
0.235044,0.235180,0.234573,
0.234460,0.235067,0.235226,
0.236595,0.236814,0.236853,
0.233848,0.234173,0.235188,
0.237242,0.237589,0.238648,
0.237623,0.237316,0.237956,
0.233182,0.232862,0.231968,
0.233244,0.232345,0.233010,
0.235967,0.235811,0.235929,
0.232481,0.234143,0.233173,
0.235022,0.234601,0.234607,
0.237654,0.238690,0.237817,
0.237856,0.238848,0.238084,
0.237600,0.236141,0.236631,
0.237513,0.239328,0.238724,
0.235099,0.234596,0.235248,
0.236365,0.236110,0.237182,
0.234900,0.235274,0.235774,
0.237143,0.238230,0.237817,
0.236396,0.235589,0.236905,
0.237595,0.237403,0.237964,
0.239701,0.239352,0.238730,
0.237683,0.238650,0.238520,
0.234275,0.234495,0.233991,
0.236994,0.237055,0.237611,
0.235499,0.236451,0.236653,
0.234190,0.234424,0.235663,
0.231705,0.232358,0.234010,
0.237078,0.236105,0.236385,
0.235862,0.236474,0.236900,
0.236044,0.236102,0.236664,
0.236951,0.235067,0.236109,
0.234069,0.234316,0.234429,
0.236766,0.236432,0.236326,
0.236334,0.235889,0.235281,
0.232722,0.232738,0.233338,
0.233945,0.234897,0.236594,
0.236022,0.235760,0.236480,
0.236914,0.236462,0.237153,
0.233802,0.233494,0.233236,
0.238501,0.236934,0.237794,
0.237338,0.237465,0.240360,
0.236249,0.236321,0.236271,
0.237553,0.235525,0.235908,
0.234906,0.233566,0.233630,
0.236532,0.235769,0.236407,
0.234423,0.234805,0.235428,
0.235262,0.235267,0.233751,
0.235153,0.234851,0.234527,
0.235577,0.236245,0.236203,
0.234824,0.234928,0.235250,
0.233914,0.235125,0.234970,
0.230596,0.231784,0.232210,
0.235546,0.235347,0.235825,
0.235399,0.234975,0.235178,
0.233288,0.233684,0.233735,
0.235548,0.235539,0.236460,
0.234207,0.234793,0.235226,
0.234785,0.234905,0.235253,
0.233765,0.234809,0.236379,
0.236635,0.236645,0.235996,
0.237223,0.236936,0.237486,
0.236346,0.236157,0.236437,
0.236825,0.236937,0.235939,
0.238610,0.238508,0.239150,
0.236541,0.235822,0.235603,
0.236884,0.237174,0.237508,
0.233119,0.234621,0.236113,
0.236794,0.236828,0.237224,
0.237232,0.237071,0.236467,
0.237893,0.239198,0.239507,
0.234970,0.236692,0.237159,
0.236057,0.236347,0.235828,
0.236126,0.237666,0.238530,
0.234128,0.233815,0.234305,
0.236378,0.235424,0.236560,
0.236299,0.237502,0.238423,
0.235787,0.235212,0.236248,
0.236581,0.236327,0.235568,
0.235805,0.234442,0.234685,
0.232751,0.232141,0.233470,
0.232299,0.233941,0.234532,
0.230649,0.231582,0.231985,
0.236489,0.235961,0.235879,
0.236943,0.236826,0.236400,
0.237510,0.236782,0.236459,
0.236450,0.237265,0.237497,
0.234888,0.234982,0.235300,
0.231249,0.231175,0.231216,
0.233802,0.234481,0.235711,
0.237934,0.237395,0.236834,
0.236477,0.236489,0.237520,
0.233391,0.231843,0.235187,
0.234996,0.235395,0.235497,
0.236786,0.236628,0.236499,
0.231817,0.231367,0.231110,
0.233525,0.235906,0.236929,
0.234516,0.235160,0.235743,
0.232870,0.232150,0.234321,
0.235430,0.235825,0.236704,
0.236259,0.237146,0.237846,
0.234495,0.235412,0.235422,
0.235427,0.235658,0.236336,
0.234859,0.235452,0.234666,
0.233822,0.236093,0.237837,
0.236278,0.236222,0.236854,
0.238582,0.237539,0.236184,
0.234337,0.235738,0.237586,
0.236241,0.236418,0.236954,
0.237200,0.235884,0.235844,
0.234540,0.236280,0.236854,
0.236136,0.237067,0.235456,
0.235478,0.236301,0.236251,
0.238923,0.239291,0.240131,
0.236300,0.235165,0.235374,
0.236008,0.236164,0.235974,
0.236239,0.236041,0.235919,
0.234721,0.235352,0.235672,
0.234958,0.235442,0.235643,
0.237685,0.237114,0.237968,
0.236428,0.236461,0.236925,
0.234873,0.235517,0.235632,
0.234816,0.234371,0.235527,
0.231945,0.232782,0.235269,
0.236736,0.236912,0.236812,
0.235837,0.234273,0.233078,
0.234866,0.234180,0.234246,
0.235543,0.236939,0.237570,
0.237706,0.236330,0.236305,
0.238130,0.236639,0.236067,
0.235711,0.236093,0.235154,
0.233955,0.233211,0.233197,
0.234288,0.234125,0.233904,
0.237892,0.236900,0.237075,
0.234609,0.235986,0.236509,
0.234415,0.233614,0.233876,
0.236590,0.236394,0.236224,
0.236420,0.236679,0.236463,
0.232433,0.232750,0.232453,
0.236949,0.235975,0.235340,
0.236973,0.237119,0.237791,
0.236243,0.237224,0.236775,
0.235337,0.236371,0.236511,
0.235544,0.236334,0.236616,
0.234576,0.234050,0.233852,
0.235424,0.236033,0.236069,
0.236375,0.236069,0.236129,
0.235885,0.235722,0.236627,
0.234871,0.235992,0.236097,
0.235140,0.235268,0.234926,
0.240199,0.240305,0.239888,
0.233422,0.233847,0.233524,
0.233307,0.235198,0.235754,
0.234507,0.235530,0.236849,
0.235810,0.235522,0.235705,
0.235065,0.235222,0.235840,
0.243090,0.242657,0.243483,
0.235433,0.235966,0.236429,
0.235094,0.235334,0.234826,
0.235224,0.234939,0.235685,
0.236471,0.236678,0.237337,
0.236317,0.236079,0.235788,
0.237603,0.237968,0.238879,
0.235906,0.235670,0.235959,
0.235403,0.236989,0.238253,
0.234759,0.234588,0.235059,
0.236679,0.236934,0.236640,
0.233138,0.233764,0.233272,
0.232043,0.231498,0.231670,
0.238165,0.237848,0.237423,
0.235762,0.236732,0.236306,
0.233817,0.233988,0.233972,
0.234492,0.235229,0.234439,
0.235854,0.236361,0.237604,
0.230745,0.230521,0.231048,
0.235279,0.235292,0.234994,
0.235503,0.236074,0.235623,
0.235441,0.235688,0.236724,
0.235675,0.235673,0.236146,
0.236692,0.236988,0.238315,
0.236549,0.235240,0.235189,
0.235977,0.234993,0.234450,
0.232052,0.232905,0.233337,
0.236951,0.236663,0.236545,
0.236774,0.235230,0.236310,
0.233508,0.232951,0.232256,
0.234136,0.234176,0.234798,
0.234101,0.234108,0.234991,
0.235523,0.235424,0.235536,
0.233312,0.234715,0.234686,
0.234717,0.234038,0.235005,
0.235279,0.235848,0.236514,
0.235154,0.235236,0.235118,
0.236200,0.237477,0.236807,
0.233921,0.234939,0.236154,
0.235718,0.236623,0.236470,
0.236198,0.234524,0.234328,
0.236079,0.235733,0.235496,
0.236273,0.236640,0.237038,
0.238094,0.237646,0.237796,
0.235548,0.236275,0.236112,
0.234385,0.235296,0.234947,
0.236248,0.235481,0.234930,
0.235447,0.236781,0.238427,
0.236400,0.235913,0.236799,
0.232354,0.231817,0.232764,
0.236286,0.235545,0.236117,
0.230690,0.230458,0.232219,
0.238041,0.238609,0.238625,
0.235604,0.234899,0.235975,
0.237566,0.235778,0.235510,
0.229567,0.229235,0.228826,
0.235851,0.235804,0.235416,
0.236277,0.236111,0.236322,
0.236046,0.235233,0.236253,
0.235755,0.236625,0.237559,
0.235634,0.235429,0.234684,
0.236001,0.236053,0.235377,
0.233019,0.234417,0.235085,
0.234220,0.233694,0.233841,
0.233558,0.233951,0.234240,
0.236991,0.236863,0.236902,
0.235283,0.235399,0.235050,
0.233469,0.232902,0.232146,
0.229994,0.231166,0.232648,
0.234157,0.233997,0.234872,
0.236248,0.236438,0.236232,
0.234641,0.234965,0.235701,
0.236470,0.237715,0.237604,
0.233645,0.232881,0.233511,
0.232603,0.233748,0.234993,
0.237076,0.237933,0.238228,
0.237671,0.237430,0.236460,
0.233882,0.234987,0.237352,
0.235940,0.236424,0.236119,
0.237229,0.236291,0.236606,
0.238687,0.237787,0.237658,
0.237767,0.235804,0.236155,
0.236443,0.236142,0.235250,
0.233743,0.232682,0.232623,
0.235686,0.235866,0.236224,
0.235760,0.236164,0.237535,
0.237216,0.236471,0.238257,
0.235812,0.235993,0.236402,
0.235137,0.234234,0.234589,
0.233226,0.234479,0.235483,
0.235635,0.236332,0.237183,
0.237077,0.236405,0.236698,
0.241112,0.242009,0.242317,
0.237705,0.236233,0.235632,
0.232978,0.232471,0.234378,
0.237116,0.235620,0.234990,
0.234620,0.235753,0.234480,
0.236496,0.236939,0.236984,
0.234241,0.234306,0.235325,
0.236096,0.235351,0.235907,
0.235851,0.235940,0.236992,
0.239289,0.237992,0.237056,
0.235251,0.234890,0.233601,
0.236769,0.236566,0.235990,
0.230712,0.230063,0.230355,
0.235129,0.235660,0.236311,
0.236300,0.237107,0.237401,
0.233798,0.235178,0.236563,
0.234267,0.233726,0.234145,
0.235918,0.236170,0.236874,
0.235931,0.235625,0.235169,
0.233761,0.234073,0.234621,
0.235279,0.236110,0.235450,
0.234761,0.234350,0.234526,
0.233206,0.233078,0.233008,
0.232399,0.232622,0.234782,
0.235206,0.235065,0.234640,
0.238304,0.238537,0.238961,
0.234997,0.234641,0.234356,
0.233733,0.233962,0.235396,
0.233266,0.232858,0.234929,
0.236469,0.236354,0.236859,
0.236072,0.236898,0.237302,
0.238009,0.238009,0.238268,
0.234794,0.234484,0.235072,
0.235803,0.235024,0.234879,
0.237163,0.237005,0.236992,
0.239063,0.237815,0.236618,
0.236741,0.235265,0.235984,
0.237116,0.236915,0.236983,
0.234210,0.234839,0.234654,
0.236422,0.236227,0.236794,
0.237011,0.237491,0.237631,
0.235005,0.235158,0.235994,
0.235136,0.234422,0.234597,
0.232598,0.232388,0.232270,
0.236180,0.236503,0.235554,
0.236018,0.236521,0.237351,
0.235429,0.235338,0.235961,
0.237296,0.237510,0.238559,
0.236732,0.236488,0.236748,
0.231085,0.230886,0.232599,
0.233520,0.233614,0.233174,
0.235777,0.236406,0.236381,
0.236237,0.235278,0.235743,
0.233987,0.234731,0.235278,
0.232536,0.235535,0.235952,
0.229229,0.230246,0.231160,
0.237886,0.236990,0.237200,
0.237481,0.236984,0.236962,
0.237559,0.237492,0.238122,
0.234919,0.236191,0.235611,
0.233748,0.233647,0.234419,
0.235011,0.234858,0.234443,
0.234109,0.234110,0.234290,
0.235926,0.234451,0.235597,
0.236083,0.236483,0.237119,
0.234162,0.234472,0.232933,
0.234676,0.234428,0.234983,
0.235848,0.235777,0.235683,
0.236476,0.236818,0.236756,
0.231872,0.234233,0.235530,
0.234579,0.235112,0.234384,
0.237727,0.237940,0.236939,
0.235706,0.236604,0.236470,
0.233632,0.234515,0.233675,
0.238029,0.238570,0.238016,
0.231413,0.231025,0.230872,
0.235603,0.235238,0.236183,
0.235894,0.236170,0.235767,
0.235165,0.235496,0.236034,
0.236729,0.235186,0.236562,
0.236889,0.239099,0.239800,
0.236179,0.236919,0.236642,
0.235465,0.235098,0.234983,
0.235005,0.235298,0.235648,
0.236889,0.237387,0.237178,
0.237625,0.237652,0.237315,
0.239426,0.239247,0.238050,
0.235059,0.236059,0.235774,
0.234954,0.234757,0.234485,
0.233146,0.232750,0.233914,
0.235957,0.236106,0.236958,
0.236608,0.237201,0.237238,
0.233803,0.233751,0.233845,
0.234509,0.234532,0.233980,
0.234441,0.234340,0.235781,
0.234505,0.236094,0.237011,
0.237439,0.237878,0.237942,
0.238470,0.238111,0.238486,
0.233577,0.233773,0.234532,
0.236483,0.237977,0.237870,
0.237632,0.237474,0.238504,
0.236221,0.236170,0.236391,
0.235396,0.235788,0.235830,
0.235920,0.236004,0.236673,
0.233324,0.234025,0.235596,
0.234368,0.235127,0.235186,
0.237572,0.236976,0.236463,
0.236799,0.237349,0.237462,
0.235338,0.235164,0.235143,
0.233135,0.233605,0.233570,
0.234895,0.235396,0.236417,
0.234398,0.235073,0.234702,
0.235417,0.234746,0.234942,
0.235303,0.235419,0.235191,
0.234236,0.234561,0.233577,
0.233222,0.232972,0.232711,
0.235294,0.235455,0.235705,
0.237020,0.237624,0.237417,
0.234769,0.234574,0.234769,
0.233105,0.233650,0.235824,
0.237220,0.237438,0.237459,
0.235320,0.235054,0.234885,
0.234254,0.235433,0.234693,
0.235168,0.234632,0.235231,
0.233673,0.233468,0.233863,
0.234780,0.234598,0.234574,
0.232841,0.234463,0.235332,
0.237799,0.237096,0.236497,
0.235302,0.235093,0.235488,
0.235711,0.236559,0.237425,
0.235169,0.234796,0.235255,
0.233871,0.234196,0.234449,
0.236545,0.236394,0.234726,
0.239229,0.239016,0.239282,
0.234475,0.234866,0.235340,
0.234141,0.234652,0.234539,
0.234657,0.234126,0.235278,
0.238412,0.238746,0.238714,
0.237972,0.237630,0.236788,
0.235065,0.235201,0.234846,
0.235097,0.235391,0.235284,
0.233707,0.233456,0.235667,
0.236455,0.236191,0.236586,
0.233741,0.233237,0.235515,
0.235215,0.235859,0.236039,
0.233250,0.232184,0.232453,
0.236276,0.235755,0.235221,
0.228263,0.228069,0.229202,
0.234024,0.233765,0.233731,
0.235054,0.235146,0.234907,
0.234694,0.233713,0.234069,
0.233254,0.233305,0.232208,
0.234401,0.234250,0.234309,
0.234259,0.234947,0.234917,
0.232025,0.231815,0.231094,
0.233945,0.233894,0.232854,
0.239964,0.236329,0.235425,
0.235384,0.235161,0.235424,
0.234884,0.235654,0.235495,
0.235105,0.235188,0.235460,
0.240376,0.240430,0.241126,
0.237108,0.237818,0.237877,
0.234381,0.234090,0.234343,
0.235663,0.236395,0.236845,
0.236387,0.237598,0.237680,
0.235251,0.234911,0.234986,
0.240373,0.240691,0.241021,
0.234530,0.234487,0.234304,
0.235348,0.235769,0.235481,
0.233235,0.232618,0.232577,
0.236045,0.234029,0.234540,
0.237981,0.236011,0.235335,
0.237287,0.237674,0.237563,
0.235368,0.234921,0.235209,
0.233134,0.233301,0.233766,
0.236797,0.236875,0.237182,
0.234922,0.234385,0.235654,
0.235288,0.234662,0.234822,
0.233588,0.232734,0.233265,
0.235457,0.235782,0.236249,
0.233574,0.232559,0.232451,
0.235281,0.234658,0.235505,
0.233248,0.233593,0.234118,
0.234434,0.234152,0.233953,
0.232425,0.232136,0.232307,
0.234264,0.234317,0.234584,
0.233199,0.233106,0.234439,
0.234344,0.235089,0.235441,
0.234650,0.235467,0.234855,
0.234597,0.238031,0.237971,
0.232076,0.232341,0.232540,
0.234047,0.235237,0.235746,
0.237108,0.237699,0.237210,
0.234771,0.234986,0.235432,
0.231916,0.233045,0.233381,
0.237386,0.237310,0.236485,
0.234282,0.234289,0.234583,
0.238089,0.237833,0.238495,
0.232050,0.232576,0.232794,
0.235755,0.236160,0.236193,
0.235806,0.235964,0.236564,
0.234712,0.234951,0.235375,
0.234420,0.234073,0.234970,
0.240272,0.240229,0.239628,
0.236774,0.237531,0.236799,
0.235269,0.235300,0.235971,
0.233138,0.232147,0.233639,
0.235255,0.235738,0.235628,
0.232729,0.232646,0.233179,
0.238431,0.238601,0.237205,
0.236486,0.235736,0.235122,
0.236714,0.235643,0.235727,
0.236489,0.236614,0.235918,
0.235349,0.235920,0.235677,
0.235529,0.235328,0.236926,
0.238318,0.239432,0.239298,
0.235935,0.236718,0.236591,
0.234676,0.235877,0.236618,
0.235275,0.235799,0.235219,
0.235618,0.235870,0.236417,
0.234964,0.235162,0.236364,
0.232759,0.232828,0.233010,
0.235009,0.235235,0.235707,
0.232983,0.233081,0.233468,
0.237769,0.236778,0.237140,
0.236311,0.236401,0.236480,
0.234105,0.233414,0.233811,
0.232848,0.233469,0.233283,
0.235487,0.235822,0.236306,
0.233687,0.233737,0.234959,
0.234584,0.232841,0.233918,
0.235145,0.235000,0.236167,
0.235448,0.235046,0.235374,
0.233355,0.233092,0.231840,
0.235384,0.235165,0.235220,
0.233689,0.233201,0.233913,
0.235681,0.234731,0.235766,
0.234596,0.234781,0.235044,
0.232642,0.232667,0.233291,
0.233583,0.233443,0.235677,
0.235039,0.235716,0.235134,
0.235343,0.234832,0.235835,
0.235217,0.235625,0.235556,
0.231379,0.234032,0.235415,
0.235439,0.236038,0.236741,
0.235628,0.235670,0.235947,
0.242965,0.242627,0.241549,
0.235041,0.234877,0.236009,
0.234779,0.234732,0.235416,
0.234165,0.234932,0.235316,
0.233600,0.233776,0.233959,
0.236662,0.237244,0.238108,
0.236784,0.237714,0.237627,
0.235132,0.234999,0.235245,
0.234654,0.236739,0.238058,
0.236866,0.237912,0.236208,
0.235315,0.234744,0.235185,
0.236118,0.236123,0.236386,
0.236646,0.238718,0.240302,
0.236843,0.235263,0.235910,
0.237769,0.237574,0.237239,
0.234833,0.234841,0.235302,
0.234941,0.235113,0.235936,
0.230649,0.231868,0.232085,
0.233421,0.232963,0.232494,
0.236706,0.237158,0.236992,
0.235128,0.234593,0.234946,
0.235674,0.236278,0.235883,
0.235546,0.235296,0.235313,
0.235232,0.235700,0.235978,
0.233796,0.234228,0.234186,
0.234291,0.234105,0.234874,
0.235652,0.236029,0.236734,
0.234459,0.234979,0.234718,
0.237318,0.238004,0.237752,
0.234537,0.234546,0.234956,
0.230054,0.230127,0.230964,
0.232249,0.233452,0.234151,
0.235591,0.236905,0.238828,
0.235999,0.235917,0.235557,
0.233997,0.232244,0.232740,
0.235329,0.235157,0.236288,
0.234933,0.235987,0.234984,
0.235856,0.235819,0.236901,
0.238253,0.237158,0.237045,
0.234967,0.235127,0.233988,
0.234521,0.234556,0.234979,
0.236045,0.236285,0.237085,
0.234311,0.234610,0.234473,
0.235254,0.233718,0.234912,
0.234518,0.234022,0.234302,
0.236770,0.237360,0.236755,
0.237957,0.237540,0.237210,
0.237924,0.236521,0.237173,
0.235116,0.235325,0.235157,
0.238470,0.238634,0.239078,
0.235932,0.236483,0.235671,
0.234828,0.235102,0.235196,
0.234957,0.235212,0.234808,
0.236128,0.237179,0.238349,
0.236647,0.236942,0.237272,
0.238255,0.237787,0.237875,
0.234931,0.234480,0.234271,
0.233628,0.233737,0.234472,
0.234010,0.236062,0.238560,
0.234811,0.235014,0.234087,
0.233007,0.233171,0.233964,
0.237453,0.237119,0.237448,
0.234362,0.234983,0.234476,
0.234070,0.234892,0.237609,
0.235193,0.235769,0.235796,
0.236497,0.236594,0.236080,
0.234457,0.232226,0.231997,
0.235332,0.234323,0.233164,
0.236190,0.237450,0.236796,
0.235999,0.235447,0.235815,
0.233870,0.232962,0.233719,
0.236363,0.237655,0.238289,
0.238077,0.237710,0.238037,
0.232141,0.232600,0.233224,
0.235916,0.236073,0.236029,
0.236300,0.236751,0.236493,
0.240109,0.239280,0.237841,
0.234753,0.234796,0.233397,
0.238430,0.237312,0.237849,
0.236442,0.235764,0.236129,
0.239187,0.239390,0.239479,
0.235838,0.235515,0.235773,
0.232329,0.233475,0.235326,
0.239791,0.238726,0.237249,
0.234982,0.235489,0.235388,
0.233391,0.233203,0.234455,
0.235559,0.237905,0.239510,
0.236204,0.236109,0.236082,
0.234042,0.234624,0.234054,
0.235631,0.236444,0.236224,
0.234977,0.235598,0.235545,
0.232451,0.232726,0.234721,
0.240897,0.241317,0.240613,
0.234476,0.235107,0.235591,
0.234268,0.233435,0.233723,
0.235627,0.235997,0.236837,
0.235679,0.235684,0.234770,
0.235579,0.234587,0.233914,
0.239116,0.240161,0.240797,
0.234739,0.235534,0.234900,
0.233861,0.233934,0.235070,
0.235416,0.236139,0.236531,
0.237611,0.237931,0.238091,
0.234423,0.233138,0.234330,
0.233878,0.234215,0.235102,
0.232115,0.232124,0.232496,
0.234176,0.233273,0.233826,
0.231928,0.234406,0.234723,
0.237109,0.237015,0.237354,
0.236039,0.236136,0.235797,
0.234596,0.234465,0.235424,
0.236335,0.236207,0.236279,
0.234573,0.233010,0.233760,
0.235493,0.234966,0.234286,
0.236537,0.236664,0.236441,
0.235899,0.236219,0.236492,
0.231004,0.231060,0.231289,
0.233829,0.233294,0.232814,
0.236712,0.235600,0.236537,
0.235276,0.236074,0.235858,
0.233531,0.234567,0.234977,
0.236467,0.236988,0.237919,
0.236653,0.236910,0.237299,
0.236517,0.237341,0.236936,
0.233733,0.233480,0.234089,
0.233256,0.233198,0.232579,
0.235665,0.235942,0.236736,
0.237205,0.235837,0.236466,
0.233656,0.234357,0.233866,
0.236303,0.236437,0.235874,
0.233106,0.234255,0.235175,
0.235722,0.236742,0.235412,
0.238052,0.238092,0.237159,
0.235602,0.236022,0.237028,
0.233707,0.233911,0.234392,
0.239004,0.237803,0.237152,
0.234668,0.235791,0.235352,
0.233421,0.233438,0.234085,
0.241393,0.241238,0.240728,
0.234066,0.234153,0.234140,
0.233915,0.234051,0.232587,
0.239418,0.239141,0.239408,
0.234075,0.233544,0.233253,
0.236838,0.237656,0.236922,
0.236917,0.237037,0.237741,
0.234961,0.235012,0.235494,
0.232651,0.232856,0.232217,
0.235227,0.234895,0.235135,
0.233714,0.233820,0.233201,
0.232565,0.232699,0.234433,
0.235784,0.235481,0.235689,
0.234709,0.233044,0.233476,
0.234341,0.235325,0.235029,
0.236142,0.235041,0.235621,
0.235844,0.237111,0.235707,
0.233441,0.234490,0.233858,
0.235391,0.234893,0.235514,
0.234545,0.235826,0.236537,
0.236421,0.236799,0.235809,
0.228977,0.229830,0.230402,
0.233600,0.235280,0.235643,
0.231446,0.232374,0.231555,
0.235152,0.236009,0.235716,
0.235228,0.235273,0.235216,
0.236599,0.235473,0.235566,
0.236507,0.237052,0.235699,
0.239051,0.239380,0.239911,
0.235514,0.235155,0.234993,
0.234749,0.235313,0.236505,
0.236625,0.236142,0.235471,
0.236022,0.236051,0.237073,
0.235156,0.235215,0.235209,
0.241481,0.241301,0.241036,
0.235027,0.234714,0.235269,
0.234391,0.233835,0.234249,
0.235087,0.235002,0.234732,
0.235028,0.234788,0.234318,
0.235390,0.235639,0.235130,
0.238749,0.240763,0.239741,
0.235108,0.234716,0.234826,
0.237464,0.236312,0.236949,
0.238352,0.238762,0.238913,
0.235937,0.235655,0.235603,
0.235142,0.234334,0.235844,
0.232114,0.232565,0.232450,
0.234743,0.234204,0.234561,
0.234953,0.236717,0.236264,
0.234801,0.235330,0.235578,
0.234147,0.233800,0.234328,
0.235963,0.234793,0.234658,
0.235164,0.234608,0.234680,
0.236056,0.237056,0.236484,
0.234776,0.234687,0.234896,
0.235710,0.235553,0.236026,
0.234823,0.235419,0.235159,
0.235578,0.235054,0.235547,
0.234480,0.232876,0.233684,
0.235554,0.235016,0.235885,
0.236660,0.236025,0.234570,
0.236283,0.234989,0.235231,
0.234198,0.234792,0.234946,
0.236324,0.237127,0.238040,
0.233573,0.232654,0.231987,
0.235054,0.235994,0.235168,
0.234695,0.235099,0.235517,
0.236478,0.237750,0.237211,
0.234456,0.234224,0.234763,
0.235562,0.235373,0.235920,
0.235796,0.234990,0.235076,
0.235817,0.236067,0.235697,
0.236377,0.237516,0.237309,
0.235245,0.235622,0.235238,
0.235332,0.235986,0.236284,
0.236234,0.235986,0.236562,
0.236624,0.236647,0.237016,
0.236279,0.236764,0.236681,
0.235600,0.235954,0.235062,
0.235146,0.234753,0.235114,
0.235587,0.235092,0.235591,
0.235874,0.236419,0.236928,
0.235708,0.235885,0.236636,
0.239822,0.239248,0.239163,
0.234379,0.234862,0.235342,
0.236137,0.235220,0.235569,
0.235089,0.234223,0.235481,
0.235404,0.236221,0.237055,
0.236171,0.236618,0.236200,
0.238463,0.237721,0.238110,
0.235252,0.235598,0.235982,
0.235574,0.235537,0.235058,
0.236690,0.235288,0.236391,
0.234666,0.234239,0.235607,
0.236614,0.236496,0.235823,
0.234641,0.233848,0.234826,
0.235866,0.235560,0.235849,
0.234749,0.235835,0.235008,
0.236974,0.236714,0.237232,
0.236398,0.235909,0.235879,
0.235613,0.235800,0.234962,
0.236014,0.234329,0.235043,
0.235060,0.234946,0.235966,
0.235728,0.236776,0.235969,
0.235693,0.237059,0.236614,
0.235848,0.235870,0.236108,
0.236436,0.235886,0.236070,
0.231186,0.231488,0.231170,
0.235558,0.235205,0.235992,
0.235786,0.235264,0.236230,
0.235422,0.236841,0.236165,
0.234603,0.235213,0.234989,
0.235683,0.234890,0.235487,
0.234171,0.233609,0.234016,
0.235374,0.236066,0.236975,
0.236720,0.236610,0.237023,
0.235107,0.235816,0.235721,
0.235160,0.235722,0.235662,
0.235908,0.235517,0.236032,
0.237133,0.237465,0.236785,
0.229604,0.230134,0.229914,
0.236541,0.236374,0.236666,
0.234658,0.234755,0.234969,
0.235501,0.235811,0.235660,
0.235045,0.235327,0.235920,
0.236729,0.237248,0.236247,
0.237126,0.237454,0.237618,
0.234396,0.234375,0.236289,
0.234986,0.234374,0.234345,
0.234277,0.234855,0.235038,
0.234444,0.234867,0.235069,
0.235383,0.234974,0.235637,
0.238204,0.238995,0.238324,
0.235980,0.236887,0.236215,
0.233768,0.234004,0.235279,
0.233860,0.233674,0.234771,
0.234742,0.234973,0.235116,
0.237262,0.237010,0.236775,
0.233529,0.234100,0.233467,
0.235461,0.235357,0.235675,
0.239671,0.236977,0.238359,
0.234662,0.236183,0.235853,
0.235109,0.235468,0.235455,
0.234574,0.234549,0.235557,
0.234917,0.235676,0.235462,
0.236263,0.236121,0.236885,
0.233726,0.233752,0.235300,
0.235495,0.235342,0.234374,
0.235634,0.235512,0.235662,
0.236279,0.236626,0.238670,
0.233124,0.234303,0.234555,
0.234195,0.233266,0.232653,
0.235205,0.235385,0.236303,
0.235020,0.235878,0.236698,
0.237517,0.237024,0.237100,
0.235185,0.234513,0.234342,
0.234016,0.233605,0.233076,
0.235249,0.233361,0.233662,
0.235309,0.235032,0.235684,
0.236172,0.237146,0.237066,
0.238010,0.238671,0.237429,
0.235661,0.235683,0.236429,
0.238382,0.239417,0.240244,
0.240323,0.240062,0.239276,
0.238520,0.237211,0.235582,
0.238035,0.238116,0.238217,
0.235701,0.235852,0.236425,
0.235822,0.235346,0.235401,
0.239138,0.240132,0.240745,
0.236971,0.237195,0.236511,
0.235488,0.234706,0.234733,
0.234596,0.234113,0.234007,
0.233399,0.233549,0.233035,
0.235736,0.235458,0.235989,
0.237581,0.237859,0.238722,
0.236945,0.237398,0.237111,
0.235384,0.235189,0.235851,
0.238232,0.238596,0.237350,
0.235565,0.235976,0.235739,
0.235628,0.235690,0.235069,
0.232868,0.232869,0.235771,
0.232838,0.232816,0.232969,
0.236253,0.236510,0.236969,
0.237450,0.237069,0.238115,
0.236592,0.236340,0.236179,
0.235529,0.235331,0.234759,
0.234591,0.233905,0.235381,
0.234491,0.236577,0.236355,
0.236095,0.235253,0.235305,
0.235572,0.234510,0.235112,
0.236972,0.237094,0.237094,
0.238031,0.237463,0.237737,
0.234330,0.234030,0.234222,
0.230156,0.230116,0.229334,
0.236612,0.236406,0.236916,
0.233106,0.234634,0.235246,
0.237299,0.238511,0.236424,
0.232795,0.233375,0.234120,
0.234886,0.235215,0.235548,
0.240452,0.241313,0.241612,
0.235964,0.235613,0.235532,
0.235571,0.235908,0.236271,
0.236433,0.236342,0.233735,
0.235756,0.235971,0.235408,
0.238803,0.238221,0.236318,
0.235824,0.235935,0.234180,
0.235722,0.235901,0.236550,
0.238256,0.235445,0.235666,
0.235195,0.235578,0.235336,
0.234237,0.235091,0.234595,
0.233364,0.232684,0.232402,
0.235811,0.235881,0.235655,
0.237604,0.238378,0.237904,
0.237853,0.237164,0.235962,
0.234977,0.236091,0.236066,
0.235673,0.235647,0.237250,
0.235798,0.235635,0.237414,
0.234966,0.233754,0.232648,
0.238373,0.239069,0.239322,
0.233226,0.232916,0.232100,
0.236291,0.236656,0.236386,
0.234796,0.235563,0.234976,
0.232811,0.232949,0.235087,
0.232934,0.233123,0.233515,
0.234718,0.235940,0.236748,
0.236175,0.236329,0.237648,
0.235799,0.237223,0.237323,
0.234584,0.234969,0.235210,
0.235680,0.236189,0.237758,
0.237978,0.237039,0.237359,
0.231854,0.232394,0.233248,
0.237019,0.236225,0.237079,
0.233977,0.233641,0.233806,
0.234986,0.234486,0.234017,
0.234656,0.233733,0.234114,
0.235799,0.235427,0.235654,
0.230332,0.229922,0.230017,
0.233780,0.233042,0.234077,
0.235377,0.236065,0.235374,
0.237291,0.235110,0.234801,
0.235235,0.235287,0.235715,
0.237467,0.236336,0.235507,
0.230069,0.231351,0.232517,
0.236058,0.235437,0.237089,
0.234695,0.236152,0.236055,
0.237705,0.238516,0.238329,
0.234615,0.234340,0.234432,
0.234376,0.235211,0.234892,
0.235166,0.235321,0.235334,
0.236056,0.236256,0.236633,
0.234343,0.234058,0.233436,
0.234513,0.234553,0.234495,
0.235193,0.235451,0.236188,
0.235023,0.236074,0.235916,
0.239481,0.239229,0.239182,
0.238027,0.237140,0.236267,
0.234978,0.235037,0.234826,
0.234620,0.234488,0.235029,
0.234186,0.233752,0.233798,
0.234064,0.233787,0.232697,
0.237367,0.237274,0.239081,
0.235680,0.236108,0.234744,
0.236003,0.235919,0.235836,
0.233377,0.232902,0.234765,
0.238144,0.238647,0.238846,
0.235847,0.235185,0.235430,
0.232771,0.233374,0.234438,
0.231375,0.231319,0.232223,
0.236387,0.237066,0.236655,
0.237431,0.238066,0.238040,
0.235644,0.235376,0.235737,
0.235644,0.235804,0.235937,
0.235550,0.236193,0.237091,
0.230880,0.230625,0.231418,
0.235361,0.236478,0.236291,
0.235365,0.235468,0.236183,
0.236091,0.236966,0.237525,
0.235556,0.236942,0.238004,
0.235465,0.235737,0.235744,
0.233072,0.232836,0.232369,
0.234925,0.236056,0.236435,
0.234157,0.234158,0.233595,
0.235824,0.235556,0.236163,
0.233727,0.233266,0.233255,
0.233526,0.233223,0.233056,
0.233799,0.233535,0.234397,
0.234784,0.235706,0.236297,
0.233722,0.234444,0.234205,
0.236307,0.235699,0.236184,
0.236652,0.235353,0.235943,
0.235917,0.236669,0.235774,
0.235735,0.234641,0.236369,
0.235436,0.234201,0.234403,
0.236853,0.237756,0.238104,
0.234938,0.234750,0.235817,
0.235544,0.235927,0.235998,
0.233722,0.235273,0.234968,
0.239121,0.238845,0.239333,
0.240117,0.239075,0.238314,
0.236942,0.237205,0.236953,
0.236150,0.236264,0.236184,
0.235993,0.234276,0.233529,
0.232871,0.232612,0.233343,
0.236180,0.236339,0.236549,
0.236586,0.237135,0.239666,
0.232849,0.233316,0.234078,
0.237011,0.237467,0.238402,
0.235636,0.233800,0.233334,
0.234928,0.235211,0.235772,
0.237046,0.235271,0.235229,
0.233738,0.233107,0.233597,
0.236742,0.237573,0.238110,
0.235247,0.235317,0.235519,
0.236282,0.235838,0.236651,
0.233016,0.233441,0.233712,
0.232014,0.233790,0.234961,
0.233906,0.234275,0.235983,
0.236163,0.235529,0.235597,
0.235898,0.235429,0.236272,
0.238387,0.238962,0.237249,
0.236646,0.236965,0.237199,
0.234072,0.234167,0.233646,
0.230844,0.231142,0.230541,
0.235182,0.234279,0.233808,
0.234925,0.235175,0.235967,
0.235281,0.234068,0.234461,
0.235381,0.234594,0.234964,
0.234498,0.235248,0.234585,
0.234862,0.234846,0.234548,
0.235894,0.235092,0.235320,
0.233140,0.233692,0.233062,
0.234678,0.235538,0.234989,
0.235513,0.235306,0.236251,
0.235810,0.237052,0.237433,
0.235565,0.237437,0.239193,
0.237985,0.237284,0.238201,
0.235071,0.235136,0.234233,
0.234470,0.234448,0.234017,
0.235615,0.235592,0.236768,
0.235957,0.235937,0.236282,
0.240081,0.239037,0.239656,
0.236823,0.236170,0.236602,
0.235446,0.235619,0.235332,
0.237581,0.237655,0.237867,
0.232397,0.233134,0.234971,
0.234646,0.235334,0.235957,
0.237209,0.237835,0.238241,
0.234077,0.233089,0.234327,
0.235189,0.235414,0.235345,
0.236331,0.237293,0.237221,
0.237537,0.237513,0.236940,
0.235481,0.235356,0.234094,
0.235972,0.233879,0.233478,
0.231012,0.232481,0.233198,
0.235920,0.236211,0.236664,
0.233885,0.234071,0.235340,
0.233616,0.232781,0.233035,
0.233142,0.233188,0.234212,
0.233894,0.234024,0.233816,
0.231860,0.233349,0.233562,
0.235420,0.235361,0.235321,
0.233195,0.234079,0.233676,
0.235055,0.235549,0.235641,
0.234459,0.234361,0.234761,
0.234695,0.234422,0.233576,
0.229441,0.230571,0.230702,
0.236047,0.236862,0.237085,
0.233041,0.233257,0.234816,
0.232214,0.232543,0.233165,
0.234313,0.234934,0.235055,
0.235843,0.236740,0.236280,
0.241012,0.240511,0.240588,
0.234790,0.234961,0.235118,
0.234604,0.234306,0.235079,
0.235725,0.235870,0.235788,
0.237175,0.234970,0.233991,
0.233017,0.233273,0.234045,
0.236796,0.236267,0.237410,
0.237765,0.236520,0.237013,
0.233074,0.234903,0.235267,
0.236189,0.235828,0.236482,
0.235546,0.235646,0.235794,
0.232867,0.232561,0.233158,
0.242199,0.239689,0.239797,
0.235300,0.235974,0.236691,
0.235885,0.235496,0.235706,
0.237853,0.237682,0.237168,
0.233878,0.233341,0.233958,
0.234997,0.234217,0.234641,
0.236895,0.236733,0.236896,
0.239672,0.239024,0.240186,
0.234777,0.234097,0.233545,
0.235339,0.235898,0.235553,
0.236803,0.235242,0.233313,
0.233707,0.232527,0.232008,
0.232965,0.234861,0.235897,
0.234722,0.235303,0.236160,
0.235391,0.233058,0.233305,
0.233732,0.233085,0.232948,
0.235761,0.235445,0.235507,
0.235865,0.235925,0.235919,
0.236113,0.234994,0.235616,
0.231691,0.233175,0.233156,
0.236010,0.235419,0.235459,
0.232083,0.232634,0.233790,
0.232406,0.234080,0.235465,
0.233283,0.233104,0.232828,
0.232775,0.233875,0.233086,
0.232640,0.233125,0.233264,
0.236636,0.236920,0.236669,
0.234629,0.234317,0.234735,
0.234455,0.233497,0.234583,
0.235023,0.235092,0.235832,
0.235657,0.234996,0.235675,
0.231640,0.231700,0.231737,
0.234987,0.235355,0.234901,
0.234056,0.234248,0.234797,
0.233511,0.233547,0.233438,
0.232828,0.233287,0.232828,
0.236539,0.236811,0.237578,
0.240136,0.239377,0.240074,
0.235743,0.235360,0.235667,
0.231324,0.232650,0.232342,
0.233502,0.232420,0.233580,
0.235584,0.234309,0.234680,
0.235414,0.236032,0.235797,
0.237504,0.237392,0.238228,
0.234037,0.233715,0.234506,
0.234595,0.235514,0.235714,
0.236594,0.237279,0.238787,
0.234640,0.235360,0.235522,
0.234575,0.234237,0.234484,
0.236983,0.236172,0.235372,
0.237840,0.238878,0.238137,
0.236205,0.235285,0.236615,
0.234475,0.234108,0.234805,
0.235086,0.235797,0.235084,
0.238845,0.238137,0.238764,
0.232490,0.231866,0.231837,
0.234881,0.234756,0.234299,
0.234702,0.234389,0.234522,
0.235277,0.234463,0.234679,
0.238046,0.236616,0.235804,
0.234110,0.234793,0.237288,
0.235549,0.235473,0.235083,
0.232568,0.233110,0.231754,
0.235863,0.235478,0.235931,
0.234471,0.235734,0.236358,
0.236417,0.236640,0.237123,
0.235795,0.236440,0.237469,
0.234568,0.233844,0.234014,
0.229839,0.231456,0.231177,
0.237153,0.236474,0.236632,
0.236596,0.237140,0.238005,
0.235469,0.235398,0.235540,
0.235552,0.234803,0.235295,
0.233324,0.232662,0.233513,
0.233776,0.233634,0.233052,
0.234773,0.235033,0.235708,
0.235704,0.236500,0.236768,
0.234806,0.234639,0.234776,
0.231138,0.233464,0.234494,
0.234961,0.234794,0.235218,
0.237630,0.236558,0.237225,
0.238798,0.237860,0.237138,
0.237170,0.237094,0.237862,
0.234707,0.235132,0.234563,
0.236235,0.236568,0.236723,
0.235624,0.235604,0.236405,
0.237702,0.237870,0.238009,
0.236856,0.236638,0.236971,
0.234649,0.233987,0.233292,
0.233737,0.233760,0.232757,
0.236021,0.235537,0.235819,
0.237271,0.237246,0.238331,
0.233997,0.233794,0.233340,
0.233323,0.232391,0.232538,
0.235599,0.235439,0.235602,
0.236963,0.236805,0.237088,
0.235961,0.235741,0.236350,
0.234600,0.234449,0.234363,
0.236123,0.236814,0.237005,
0.233495,0.232030,0.232928,
0.236568,0.235375,0.236348,
0.236155,0.236184,0.236922,
0.236906,0.236983,0.237520,
0.235507,0.235443,0.235702,
0.237459,0.237999,0.236458,
0.235733,0.235460,0.236139,
0.236315,0.236446,0.236497,
0.232219,0.232130,0.233738,
0.235529,0.235087,0.236243,
0.237030,0.235878,0.235422,
0.233829,0.234031,0.232892,
0.230333,0.229473,0.229889,
0.235848,0.235600,0.235807,
0.233094,0.234638,0.235197,
0.236855,0.236886,0.236193,
0.236213,0.235618,0.235472,
0.233678,0.234504,0.234592,
0.234459,0.234079,0.234608,
0.236143,0.234069,0.233718,
0.234358,0.235085,0.236434,
0.235537,0.235658,0.236413,
0.240718,0.238146,0.236255,
0.234876,0.233697,0.233920,
0.236975,0.237592,0.237779,
0.236182,0.235822,0.235975,
0.236765,0.235612,0.234936,
0.235500,0.235098,0.236049,
0.234485,0.235481,0.235408,
0.233918,0.233622,0.234672,
0.233305,0.233032,0.234106,
0.234393,0.234554,0.234826,
0.236401,0.236284,0.235852,
0.236765,0.237393,0.237781,
0.236995,0.237508,0.238226,
0.236945,0.235210,0.233629,
0.236918,0.236813,0.238082,
0.237040,0.237425,0.237899,
0.236683,0.236323,0.236475,
0.235976,0.235716,0.235895,
0.232199,0.232172,0.233300,
0.236922,0.236679,0.236723,
0.235876,0.235705,0.235775,
0.234233,0.235177,0.234199,
0.237050,0.236696,0.236309,
0.237291,0.237664,0.237988,
0.236318,0.235246,0.234964,
0.235055,0.234842,0.233693,
0.238728,0.238644,0.237371,
0.234698,0.235274,0.235272,
0.234705,0.235720,0.234467,
0.235011,0.236157,0.235779,
0.235641,0.234975,0.234857,
0.234511,0.235422,0.236521,
0.235756,0.235830,0.236086,
0.228683,0.229351,0.230395,
0.236847,0.235427,0.234595,
0.236269,0.236058,0.236619,
0.235566,0.235791,0.235569,
0.236324,0.235822,0.235529,
0.233082,0.233161,0.234512,
0.238211,0.238691,0.238663,
0.237353,0.236490,0.235710,
0.237329,0.236715,0.237730,
0.235089,0.235136,0.236488,
0.236678,0.236633,0.236681,
0.236327,0.235627,0.236285,
0.236621,0.235224,0.234441,
0.235254,0.234991,0.234873,
0.233782,0.233844,0.233307,
0.233306,0.235064,0.237114,
0.235026,0.234760,0.235085,
0.237047,0.236649,0.236854,
0.242457,0.242001,0.241374,
0.233667,0.233782,0.234838,
0.235760,0.235423,0.236309,
0.237666,0.236267,0.235710,
0.234538,0.234223,0.234268,
0.237441,0.237161,0.237480,
0.231533,0.231818,0.232326,
0.235090,0.234068,0.234496,
0.233573,0.235133,0.236751,
0.237085,0.235954,0.235881,
0.236686,0.237708,0.238313,
0.233675,0.233160,0.233449,
0.232872,0.233247,0.233583,
0.238103,0.239014,0.237707,
0.232033,0.233137,0.232911,
0.237746,0.236848,0.236292,
0.237284,0.237292,0.236119,
0.235906,0.235868,0.236720,
0.233867,0.234418,0.234693,
0.232442,0.233934,0.234910,
0.234725,0.233688,0.234103,
0.236939,0.237160,0.237375,
0.236271,0.237046,0.237768,
0.234749,0.234827,0.234477,
0.235617,0.235507,0.234976,
0.235426,0.234755,0.234231,
0.236661,0.237720,0.237699,
0.235650,0.234958,0.235643,
0.232813,0.234572,0.236129,
0.235519,0.235833,0.236357,
0.232395,0.233306,0.235146,
0.234815,0.235190,0.236202,
0.233401,0.233117,0.234999,
0.234918,0.235145,0.235607,
0.235972,0.236193,0.236160,
0.236375,0.235702,0.236422,
0.237088,0.237048,0.236787,
0.237710,0.236746,0.237449,
0.236990,0.238331,0.239851,
0.232935,0.233133,0.233074,
0.232238,0.231845,0.231951,
0.232781,0.232586,0.232051,
0.236163,0.235000,0.235140,
0.243235,0.243134,0.242162,
0.235052,0.234015,0.234916,
0.233760,0.235111,0.235853,
0.233909,0.234237,0.234770,
0.235000,0.236405,0.237322,
0.235995,0.237076,0.236916,
0.236475,0.237707,0.237338,
0.236514,0.236366,0.237001,
0.235524,0.236009,0.235729,
0.237212,0.237764,0.236692,
0.236909,0.237371,0.238510,
0.235970,0.235685,0.235651,
0.230388,0.231420,0.233476,
0.238516,0.237856,0.238483,
0.236945,0.236072,0.234098,
0.235520,0.235184,0.234227,
0.235919,0.236581,0.236972,
0.237515,0.236580,0.237446,
0.236797,0.235716,0.235439,
0.237346,0.235551,0.235130,
0.233477,0.234400,0.234978,
0.235137,0.235476,0.236444,
0.236359,0.235929,0.236806,
0.233828,0.233689,0.233466,
0.235305,0.235191,0.235267,
0.229242,0.228536,0.230146,
0.236069,0.236496,0.236853,
0.236406,0.236230,0.236440,
0.234892,0.233883,0.234186,
0.235302,0.235620,0.236723,
0.235369,0.235775,0.236390,
0.235829,0.235902,0.235890,
0.237003,0.235387,0.235655,
0.236090,0.235553,0.235053,
0.235460,0.236412,0.236851,
0.235339,0.234983,0.235630,
0.236505,0.237837,0.237493,
0.237976,0.237779,0.238912,
0.236280,0.236575,0.236385,
0.237210,0.237908,0.238325,
0.235797,0.235652,0.235686,
0.234847,0.235787,0.237335,
0.236057,0.235678,0.236224,
0.238203,0.238828,0.237875,
0.236884,0.236885,0.237512,
0.238850,0.239315,0.238658,
0.236885,0.236596,0.237068,
0.236315,0.238123,0.238647,
0.239037,0.237997,0.237975,
0.238504,0.236648,0.235452,
0.237643,0.237408,0.238068,
0.235177,0.234888,0.235313,
0.237044,0.237193,0.237560,
0.236912,0.237245,0.238557,
0.237030,0.236575,0.234744,
0.231856,0.231837,0.232715,
0.235973,0.234416,0.234568,
0.234428,0.235358,0.234723,
0.233662,0.233815,0.233673,
0.231507,0.230795,0.231680,
0.240146,0.240227,0.239748,
0.233910,0.234900,0.234365,
0.234955,0.233749,0.235013,
0.238283,0.236944,0.236522,
0.237062,0.237219,0.238211,
0.234286,0.235212,0.234521,
0.236022,0.235831,0.236507,
0.234976,0.235484,0.234270,
0.228971,0.228755,0.227720,
0.235953,0.235567,0.236034,
0.237584,0.237723,0.237179,
0.234390,0.233728,0.233573,
0.234188,0.235037,0.234965,
0.236673,0.236619,0.236581,
0.234063,0.232373,0.232423,
0.235639,0.236015,0.237069,
0.235721,0.235161,0.235386,
0.234455,0.233984,0.233688,
0.237124,0.237187,0.237274,
0.236899,0.237089,0.238110,
0.235999,0.236587,0.236911,
0.233419,0.232454,0.232617,
0.235117,0.235371,0.235534,
0.235930,0.235662,0.235147,
0.235155,0.232937,0.232837,
0.238701,0.238699,0.236519,
0.239999,0.240494,0.239867,
0.236782,0.237008,0.236751,
0.232484,0.232025,0.233126,
0.235880,0.236087,0.237243,
0.236047,0.236678,0.236572,
0.235268,0.234922,0.236374,
0.238152,0.237488,0.238153,
0.237030,0.237192,0.237203,
0.234541,0.234143,0.234040,
0.236886,0.236289,0.236565,
0.236376,0.235736,0.236176,
0.236320,0.235438,0.236392,
0.233734,0.234686,0.235008,
0.237347,0.238239,0.237378,
0.238347,0.235580,0.236315,
0.236438,0.237068,0.235488,
0.235381,0.235190,0.236071,
0.236501,0.236154,0.236161,
0.235436,0.236256,0.237363,
0.238433,0.239225,0.236810,
0.236433,0.235859,0.235348,
0.235895,0.234678,0.235633,
0.234286,0.235283,0.234993,
0.234704,0.234942,0.235107,
0.232055,0.231637,0.233456,
0.228244,0.229989,0.230985,
0.235287,0.235408,0.235547,
0.233480,0.233056,0.232547,
0.236361,0.236811,0.236966,
0.235550,0.235746,0.235970,
0.236612,0.236770,0.237176,
0.231192,0.231911,0.232879,
0.235641,0.235307,0.236689,
0.236933,0.236680,0.235605,
0.236122,0.235349,0.235099,
0.235219,0.236280,0.236031,
0.236424,0.236126,0.237383,
0.237435,0.237373,0.236624,
0.234111,0.233666,0.232969,
0.236095,0.236087,0.236728,
0.235502,0.236025,0.236232,
0.234805,0.235233,0.234020,
0.232362,0.233896,0.233889,
0.238600,0.238867,0.238842,
0.234415,0.234639,0.234725,
0.235639,0.235039,0.235517,
0.234093,0.234274,0.234590,
0.234899,0.234706,0.234618,
0.236782,0.235533,0.236962,
0.237024,0.237770,0.237670,
0.234038,0.233754,0.233933,
0.236186,0.235364,0.235494,
0.236616,0.237159,0.235247,
0.235464,0.235157,0.235696,
0.235341,0.234478,0.234920,
0.233473,0.234124,0.232653,
0.234256,0.234132,0.235674,
0.233220,0.233508,0.233496,
0.235036,0.235462,0.234544,
0.234560,0.234636,0.234915,
0.234324,0.234711,0.234523,
0.232254,0.232973,0.233171,
0.236717,0.237248,0.238246,
0.233864,0.233451,0.233906,
0.233840,0.233936,0.234368,
0.235613,0.236708,0.236324,
0.235957,0.235550,0.235950,
0.236121,0.235307,0.233366,
0.229288,0.229901,0.232507,
0.236683,0.235642,0.235731,
0.236415,0.236095,0.236243,
0.235397,0.235792,0.236275,
0.234659,0.233625,0.233627,
0.234432,0.236337,0.236344,
0.238050,0.237961,0.237809,
0.235177,0.234859,0.234858,
0.236253,0.236707,0.236648,
0.237016,0.237765,0.236433,
0.236221,0.234536,0.234479,
0.233514,0.232754,0.233347,
0.239238,0.240044,0.239382,
0.239554,0.236177,0.236731,
0.235483,0.235609,0.234295,
0.236309,0.235526,0.237092,
0.235587,0.237359,0.236459,
0.237001,0.237600,0.235920,
0.237265,0.236549,0.236353,
0.236060,0.235783,0.235768,
0.234826,0.234847,0.234194,
0.235390,0.234394,0.234424,
0.234318,0.233758,0.233334,
0.233986,0.234546,0.234098,
0.237600,0.237416,0.237189,
0.234024,0.234115,0.234205,
0.233267,0.233624,0.233362,
0.238090,0.237916,0.237924,
0.237500,0.237845,0.238204,
0.237096,0.239492,0.239575,
0.231469,0.230053,0.230912,
0.235251,0.234609,0.233428,
0.230615,0.232225,0.233137,
0.237028,0.237374,0.238358,
0.236935,0.237520,0.237545,
0.235847,0.235484,0.235385,
0.234261,0.235562,0.236319,
0.236095,0.236461,0.236627,
0.235941,0.235786,0.235891,
0.236351,0.238040,0.236386,
0.235986,0.234997,0.235288,
0.232866,0.233964,0.235491,
0.232221,0.234071,0.234994,
0.232475,0.232113,0.231935,
0.233330,0.234301,0.233668,
0.233959,0.235159,0.236005,
0.235230,0.234059,0.234502,
0.236258,0.236527,0.237883,
0.235138,0.235259,0.235227,
0.234211,0.233947,0.233615,
0.236923,0.236698,0.236688,
0.236521,0.236500,0.235714,
0.233306,0.233795,0.234997,
0.235264,0.235245,0.235744,
0.236125,0.236235,0.235100,
0.237234,0.236666,0.236206,
0.236463,0.236625,0.236907,
0.234426,0.237194,0.237759,
0.237086,0.236144,0.236523,
0.234106,0.233423,0.234568,
0.236126,0.235777,0.236532,
0.240166,0.239400,0.239837,
0.238215,0.237232,0.238118,
0.234833,0.234876,0.234711,
0.233159,0.234345,0.235595,
0.234252,0.236570,0.236982,
0.234719,0.235084,0.235429,
0.236867,0.237555,0.237158,
0.232651,0.232046,0.233022,
0.234798,0.235453,0.235248,
0.234107,0.232555,0.233567,
0.233523,0.233765,0.235357,
0.235560,0.236393,0.236552,
0.234469,0.235112,0.235232,
0.235200,0.235491,0.236048,
0.235634,0.236250,0.236460,
0.236294,0.236445,0.237023,
0.235116,0.234539,0.235048,
0.237372,0.236846,0.236372,
0.234237,0.233797,0.233141,
0.234556,0.232895,0.232153,
0.234363,0.235339,0.235524,
0.233701,0.234295,0.233787,
0.232955,0.233066,0.233209,
0.236163,0.236949,0.237162,
0.231776,0.232256,0.232875,
0.234108,0.234109,0.235182,
0.234954,0.234605,0.233799,
0.236042,0.236147,0.236672,
0.236696,0.236767,0.237491,
0.237528,0.237796,0.237579,
0.237632,0.237847,0.237233,
0.234420,0.234412,0.234970,
0.236544,0.235299,0.234979,
0.235520,0.235529,0.235024,
0.237172,0.236551,0.237823,
0.237936,0.237912,0.237736,
0.235207,0.235872,0.235077,
0.237002,0.236306,0.235495,
0.233283,0.232723,0.233241,
0.233267,0.233237,0.234289,
0.234496,0.234437,0.235174,
0.235607,0.235892,0.235491,
0.235109,0.235656,0.236357,
0.238999,0.238743,0.239371,
0.234091,0.234270,0.234728,
0.235605,0.236735,0.237160,
0.238471,0.237402,0.236989,
0.236228,0.235631,0.235365,
0.235221,0.235023,0.235092,
0.237392,0.237025,0.237829,
0.234529,0.235180,0.235888,
0.232547,0.233818,0.235127,
0.237575,0.237186,0.237601,
0.235047,0.235204,0.234308,
0.234038,0.236221,0.238426,
0.233511,0.233201,0.233434,
0.236208,0.236912,0.236565,
0.235905,0.235530,0.235151,
0.234664,0.235234,0.236029,
0.236973,0.237246,0.237419,
0.235707,0.235609,0.234894,
0.234433,0.234783,0.235224,
0.234668,0.234611,0.235077,
0.236188,0.235408,0.236138,
0.233691,0.233546,0.233912,
0.236044,0.236032,0.236519,
0.235875,0.236407,0.235957,
0.234372,0.234911,0.235016,
0.233901,0.233486,0.233839,
0.237024,0.236472,0.236898,
0.234836,0.235615,0.236288,
0.236277,0.233947,0.234284,
0.236590,0.236563,0.237596,
0.235412,0.236478,0.236902,
0.234349,0.234562,0.234375,
0.235876,0.236290,0.236658,
0.235218,0.235621,0.235753,
0.236851,0.237435,0.237772,
0.235503,0.236349,0.236775,
0.232952,0.233187,0.233275,
0.238958,0.237807,0.238046,
0.235041,0.235653,0.237242,
0.235077,0.235676,0.234781,
0.236321,0.237115,0.236697,
0.234469,0.235022,0.234809,
0.237155,0.237536,0.237881,
0.240985,0.242192,0.242437,
0.235064,0.234898,0.235170,
0.234281,0.234418,0.234760,
0.235372,0.235426,0.235050,
0.233395,0.233198,0.234191,
0.235160,0.235517,0.236116,
0.234523,0.234864,0.236063,
0.234190,0.233384,0.233265,
0.234545,0.235389,0.234596,
0.234560,0.234681,0.234598,
0.236565,0.236294,0.236320,
0.234130,0.233976,0.234070,
0.237408,0.236809,0.235952,
0.236183,0.235696,0.235512,
0.235834,0.236507,0.235782,
0.233137,0.234330,0.235382,
0.236281,0.236441,0.237457,
0.236916,0.237862,0.236879,
0.233460,0.233237,0.232921,
0.234897,0.234449,0.234725,
0.237323,0.237229,0.237175,
0.236668,0.235864,0.235159,
0.234228,0.234434,0.234808,
0.233818,0.235272,0.236298,
0.232443,0.234029,0.234668,
0.235729,0.236800,0.237999,
0.234076,0.234715,0.235320,
0.235110,0.234960,0.235171,
0.232934,0.232933,0.234110,
0.236331,0.237128,0.236339,
0.234461,0.233927,0.233931,
0.233113,0.234755,0.234290,
0.234008,0.234641,0.236047,
0.238048,0.238087,0.238158,
0.234408,0.234206,0.233815,
0.234055,0.234454,0.234693,
0.237401,0.236587,0.235867,
0.239556,0.240153,0.240891,
0.236064,0.235057,0.235502,
0.233369,0.233308,0.233313,
0.233827,0.232828,0.232453,
0.234467,0.235670,0.235180,
0.233933,0.233369,0.234178,
0.240022,0.241519,0.242238,
0.238909,0.239446,0.238393,
0.234874,0.234518,0.234463,
0.236318,0.235676,0.235948,
0.233982,0.233249,0.232616,
0.231602,0.233002,0.234755,
0.240323,0.240543,0.241056,
0.234513,0.234423,0.234436,
0.233695,0.233709,0.233705,
0.234707,0.234194,0.234495,
0.235547,0.235351,0.235186,
0.236661,0.235507,0.235813,
0.235210,0.235666,0.236658,
0.236838,0.237801,0.237598,
0.234810,0.235221,0.234758,
0.232280,0.231750,0.232207,
0.234769,0.235089,0.234600,
0.239066,0.238104,0.238637,
0.233202,0.233246,0.233443,
0.232762,0.232746,0.231888,
0.231709,0.231993,0.233453,
0.237386,0.236509,0.236426,
0.234749,0.234635,0.234716,
0.234324,0.235378,0.236554,
0.233987,0.233690,0.232976,
0.238185,0.237329,0.236779,
0.233953,0.234068,0.234532,
0.231855,0.231964,0.233357,
0.234697,0.235209,0.234903,
0.234719,0.234193,0.234380,
0.232852,0.233499,0.232767,
0.237085,0.238195,0.237052,
0.234282,0.234139,0.234493,
0.232254,0.233467,0.233033,
0.234721,0.235311,0.235153,
0.236099,0.236926,0.236119,
0.234271,0.234387,0.234716,
0.238806,0.239743,0.239954,
0.236615,0.236933,0.234998,
0.234670,0.233888,0.233691,
0.234423,0.234528,0.234385,
0.234855,0.235209,0.235344,
0.232232,0.232343,0.234078,
0.240863,0.240253,0.241159,
0.236424,0.236495,0.235893,
0.236004,0.236082,0.235830,
0.235329,0.235860,0.235297,
0.237904,0.237212,0.237145,
0.234638,0.234814,0.234826,
0.231237,0.231826,0.231108,
0.234924,0.234995,0.235274,
0.233229,0.234461,0.234999,
0.235526,0.236359,0.236029,
0.237597,0.237708,0.237943,
0.233545,0.233832,0.234318,
0.234948,0.233840,0.233608,
0.232076,0.233217,0.234627,
0.237604,0.238370,0.237843,
0.236235,0.235908,0.235696,
0.234579,0.233894,0.233585,
0.233564,0.233839,0.234376,
0.236295,0.234520,0.233728,
0.234106,0.233600,0.234807,
0.233211,0.232466,0.232560,
0.233325,0.233588,0.233512,
0.235227,0.235480,0.236261,
0.234041,0.233824,0.234576,
0.229475,0.229282,0.229740,
0.231987,0.233715,0.234948,
0.234768,0.234790,0.235059,
0.233381,0.233146,0.233062,
0.234369,0.233909,0.234459,
0.236712,0.235003,0.235270,
0.233306,0.233599,0.233861,
0.237138,0.235259,0.235097,
0.239791,0.239505,0.240038,
0.236502,0.236845,0.237005,
0.234990,0.234799,0.234443,
0.234342,0.234933,0.235462,
0.234528,0.234059,0.235090,
0.234786,0.235282,0.237461,
0.234786,0.234378,0.234703,
0.234800,0.235236,0.235085,
0.237501,0.236159,0.234344,
0.235674,0.236322,0.235458,
0.235044,0.235666,0.236299,
0.236546,0.235049,0.236960,
0.234010,0.233900,0.233295,
0.235320,0.235364,0.235531,
0.236286,0.236038,0.236795,
0.234139,0.235447,0.235082,
0.235644,0.235919,0.235711,
0.234791,0.235543,0.236183,
0.232910,0.232645,0.232379,
0.234326,0.234551,0.234153,
0.234602,0.233523,0.233246,
0.236166,0.235324,0.234944,
0.236299,0.236678,0.236233,
0.235133,0.234629,0.234296,
0.233114,0.233940,0.232795,
0.236164,0.236161,0.235305,
0.236391,0.235701,0.237344,
0.232354,0.232831,0.233996,
0.236538,0.235992,0.235707,
0.233438,0.232381,0.233906,
0.235490,0.235090,0.235243,
0.235161,0.235667,0.235634,
0.236498,0.236304,0.236168,
0.236356,0.235490,0.236324,
0.236708,0.238051,0.239719,
0.233144,0.231748,0.231367,
0.235140,0.235163,0.234847,
0.236422,0.237007,0.237112,
0.237546,0.236795,0.237117,
0.235264,0.233115,0.233725,
0.235399,0.234551,0.234332,
0.233922,0.233880,0.234047,
0.237252,0.235414,0.236442,
0.237425,0.235474,0.234634,
0.234883,0.235083,0.235071,
0.233381,0.232293,0.232653,
0.233521,0.233400,0.233363,
0.237263,0.237380,0.235632,
0.237368,0.237185,0.237652,
0.230859,0.231166,0.231782,
0.234670,0.234642,0.234840,
0.232741,0.230988,0.233005,
0.234889,0.235357,0.235012,
0.235123,0.235707,0.235744,
0.240508,0.240104,0.240019,
0.237314,0.238238,0.238570,
0.237826,0.238824,0.237535,
0.238247,0.238476,0.238861,
0.233298,0.233218,0.234451,
0.235227,0.235509,0.235012,
0.239695,0.238631,0.239448,
0.236215,0.236085,0.237376,
0.242045,0.241294,0.240785,
0.237427,0.237027,0.237287,
0.235679,0.235454,0.235230,
0.234405,0.233606,0.232293,
0.234577,0.234753,0.235032,
0.234979,0.233930,0.234743,
0.237071,0.236064,0.236334,
0.237777,0.236705,0.236903,
0.238929,0.238974,0.238633,
0.237709,0.235143,0.235083,
0.232730,0.232888,0.233058,
0.234052,0.233481,0.235053,
0.234987,0.235501,0.235183,
0.234610,0.233402,0.233568,
0.235405,0.234341,0.235233,
0.236520,0.237361,0.237890,
0.234958,0.233211,0.233052,
0.235939,0.235183,0.235140,
0.234622,0.234791,0.234375,
0.236755,0.237521,0.238632,
0.237098,0.237079,0.236844,
0.234520,0.235284,0.234874,
0.233162,0.232967,0.234077,
0.234325,0.234097,0.235098,
0.236514,0.237302,0.236567,
0.234647,0.234655,0.235319,
0.233911,0.234762,0.235165,
0.234570,0.234967,0.234336,
0.234814,0.235099,0.236057,
0.239371,0.239775,0.240453,
0.239017,0.239390,0.239450,
0.237219,0.235847,0.235635,
0.234346,0.234189,0.234581,
0.235687,0.237249,0.237403,
0.235361,0.234582,0.235087,
0.238343,0.238831,0.238804,
0.233558,0.233557,0.232643,
0.237025,0.237337,0.238273,
0.235089,0.234774,0.234519,
0.234685,0.234632,0.234963,
0.232012,0.231443,0.234922,
0.239307,0.239729,0.240897,
0.233740,0.234510,0.234717,
0.233964,0.232690,0.233175,
0.236857,0.236732,0.237125,
0.237653,0.237572,0.235846,
0.233627,0.233324,0.235153,
0.236099,0.235750,0.236039,
0.235974,0.235624,0.236052,
0.232233,0.232518,0.234841,
0.235461,0.235962,0.236761,
0.235422,0.235538,0.234830,
0.235790,0.235368,0.236339,
0.231534,0.232896,0.234683,
0.235581,0.234944,0.234693,
0.235188,0.234954,0.235258,
0.234521,0.236102,0.237533,
0.234412,0.234008,0.233701,
0.236478,0.236881,0.237644,
0.232344,0.231780,0.231300,
0.234455,0.234343,0.235048,
0.233599,0.233539,0.236110,
0.234001,0.234418,0.234503,
0.232579,0.234393,0.235709,
0.234530,0.235047,0.234989,
0.232879,0.231830,0.232081,
0.233199,0.233072,0.233456,
0.232481,0.231978,0.233637,
0.232334,0.232994,0.233496,
0.232361,0.234156,0.235615,
0.232991,0.233214,0.233863,
0.234118,0.234100,0.234288,
0.238497,0.237064,0.236544,
0.234096,0.234198,0.233423,
0.231848,0.233783,0.235025,
0.237880,0.236990,0.235950,
0.235183,0.234097,0.234632,
0.234480,0.233889,0.233767,
0.239106,0.239785,0.240780,
0.234748,0.234180,0.234532,
0.233951,0.234397,0.234672,
0.236182,0.237061,0.237492,
0.236993,0.237641,0.238018,
0.237111,0.235345,0.234888,
0.232254,0.234205,0.234881,
0.233519,0.232919,0.232889,
0.235388,0.238611,0.238315,
0.234896,0.235159,0.235841,
0.236656,0.236979,0.237235,
0.237229,0.238747,0.238402,
0.232744,0.231748,0.231682,
0.235942,0.234595,0.235640,
0.234977,0.234672,0.234925,
0.235015,0.235587,0.235644,
0.237066,0.236352,0.237054,
0.235840,0.235366,0.235181,
0.231802,0.232547,0.232325,
0.236979,0.236787,0.237597,
0.236458,0.237003,0.237273,
0.233604,0.234413,0.234726,
0.237404,0.237308,0.237164,
0.235637,0.235569,0.236512,
0.228215,0.228110,0.229242,
0.235275,0.235156,0.235190,
0.235916,0.236159,0.236450,
0.232901,0.233330,0.233445,
0.233230,0.233997,0.235718,
0.233989,0.234255,0.234132,
0.234741,0.234454,0.234565,
0.236267,0.235920,0.236518,
0.232250,0.233705,0.234107,
0.235418,0.235641,0.236091,
0.234131,0.232407,0.232672,
0.236302,0.236054,0.236412,
0.236687,0.236259,0.235692,
0.239864,0.239839,0.241043,
0.235332,0.236172,0.236109,
0.235032,0.235865,0.235905,
0.233749,0.232699,0.234063,
0.234367,0.234240,0.233179,
0.237076,0.236592,0.235819,
0.238342,0.238135,0.238749,
0.234710,0.234241,0.233614,
0.234001,0.234335,0.235707,
0.236082,0.237083,0.237420,
0.235839,0.236249,0.236068,
0.235692,0.235841,0.236099,
0.237426,0.237370,0.237797,
0.237068,0.235711,0.235358,
0.235325,0.235231,0.235377,
0.234698,0.234861,0.235555,
0.235290,0.235657,0.236588,
0.237973,0.237883,0.238988,
0.235930,0.235704,0.235368,
0.234124,0.234216,0.234572,
0.234678,0.234351,0.234751,
0.235342,0.235197,0.234723,
0.234943,0.235355,0.234465,
0.236593,0.237441,0.237616,
0.237274,0.237766,0.237676,
0.236762,0.237006,0.236262,
0.236894,0.236220,0.236288,
0.236443,0.237262,0.238030,
0.234135,0.234235,0.234789,
0.234167,0.234119,0.234755,
0.232650,0.233731,0.233342,
0.237151,0.236585,0.235892,
0.236911,0.236579,0.237861,
0.235128,0.235235,0.235600,
0.236980,0.236968,0.236176,
0.237040,0.238103,0.237851,
0.232314,0.232048,0.233096,
0.233767,0.233465,0.232460,
0.235848,0.235737,0.235462,
0.235577,0.234883,0.234261,
0.234325,0.233071,0.233520,
0.235017,0.234951,0.235122,
0.236903,0.236298,0.236630,
0.235089,0.234647,0.234334,
0.234976,0.235265,0.234957,
0.235770,0.236236,0.236383,
0.235166,0.235173,0.235199,
0.235336,0.233827,0.233595,
0.237237,0.236886,0.237170,
0.240436,0.241397,0.240051,
0.236084,0.236270,0.236882,
0.236219,0.236745,0.235227,
0.234273,0.234117,0.234533,
0.235631,0.235256,0.235791,
0.235120,0.234667,0.234828,
0.236993,0.236125,0.236428,
0.236189,0.236495,0.236653,
0.233605,0.233399,0.234682,
0.235323,0.235132,0.235741,
0.234356,0.234776,0.234749,
0.237498,0.236720,0.237255,
0.231530,0.232888,0.232575,
0.235135,0.235095,0.235137,
0.236165,0.235693,0.235580,
0.235599,0.235568,0.235162,
0.236070,0.235088,0.235252,
0.235384,0.234798,0.236168,
0.232344,0.231769,0.232535,
0.234670,0.235160,0.234372,
0.235604,0.234792,0.234257,
0.234694,0.235472,0.235059,
0.235486,0.235213,0.234661,
0.234636,0.234604,0.234943,
0.231857,0.231497,0.232357,
0.237044,0.235599,0.235669,
0.234575,0.234577,0.234877,
0.235112,0.235919,0.235588,
0.231093,0.230132,0.230406,
0.248635,0.249424,0.250353,
0.234146,0.232173,0.233162,
0.241874,0.242035,0.243212,
0.246765,0.246437,0.247572,
0.257822,0.257691,0.256398,
0.211052,0.210460,0.209413,
0.204652,0.204305,0.205114,
0.235945,0.234929,0.236321,
0.237297,0.235757,0.234665,
0.235148,0.234844,0.234934,
0.237018,0.237507,0.236996,
0.208535,0.208405,0.207476,
0.231537,0.233184,0.232348,
0.237324,0.236587,0.236582,
0.236752,0.237064,0.237025,
0.235354,0.235600,0.234467,
0.250468,0.250059,0.249496,
0.174577,0.171174,0.172506,
0.217662,0.217737,0.219837,
0.237125,0.238227,0.237438,
0.244269,0.242921,0.243408,
0.233376,0.233066,0.234841,
0.211004,0.211188,0.210831,
0.202129,0.202967,0.202164,
0.237890,0.240343,0.239060,
0.236178,0.236394,0.236137,
0.249821,0.247759,0.248956,
0.238543,0.238198,0.237377,
0.218336,0.218342,0.216874,
0.221740,0.220680,0.221361,
0.225174,0.222805,0.223480,
0.251022,0.250705,0.250558,
0.235642,0.236070,0.236169,
0.226170,0.225595,0.226026,
0.233126,0.233998,0.234024,
0.242335,0.242771,0.244924,
0.223732,0.223074,0.224534,
0.235669,0.235145,0.234966,
0.236429,0.233528,0.235247,
0.235204,0.235539,0.233717,
0.229241,0.228681,0.229718,
0.235847,0.234726,0.234038,
0.236628,0.238742,0.237574,
0.189790,0.186507,0.186485,
0.234343,0.234498,0.234248,
0.241371,0.241134,0.240862,
0.241754,0.242168,0.241657,
0.236745,0.236685,0.237489,
0.235529,0.235756,0.235475,
0.237467,0.237532,0.238160,
0.236622,0.235958,0.236358,
0.234810,0.234247,0.234439,
0.237566,0.237414,0.236901,
0.236576,0.236531,0.237126,
0.236984,0.237090,0.236449,
0.239240,0.238652,0.237465,
0.230899,0.230866,0.229407,
0.216554,0.217045,0.217180,
0.231300,0.230934,0.231586,
0.234185,0.234479,0.235201,
0.233644,0.232563,0.233361,
0.234184,0.235021,0.234852,
0.236422,0.236600,0.236316,
0.227075,0.227406,0.228179,
0.228148,0.227276,0.229179,
0.230632,0.231542,0.231190,
0.232795,0.233787,0.233618,
0.235558,0.235423,0.235657,
0.238496,0.239710,0.238068,
0.238143,0.239263,0.238919,
0.237086,0.237250,0.236970,
0.245033,0.243835,0.243250,
0.246261,0.247417,0.247601,
0.239482,0.239635,0.239539,
0.239761,0.239657,0.240104,
0.240344,0.238849,0.239360,
0.234495,0.234960,0.234635,
0.237714,0.236532,0.234896,
0.232348,0.231744,0.231855,
0.232087,0.231128,0.231496,
0.232720,0.231309,0.233025,
0.229517,0.229586,0.229598,
0.233115,0.234030,0.233627,
0.233694,0.234581,0.234090,
0.233400,0.233221,0.234849,
0.233626,0.234544,0.234379,
0.232363,0.231923,0.232131,
0.234460,0.234017,0.234659,
0.235239,0.235267,0.235434,
0.233332,0.232246,0.233832,
0.231766,0.231561,0.231382,
0.234201,0.235169,0.235698,
0.236513,0.236562,0.237163,
0.237949,0.238920,0.238157,
0.242397,0.243045,0.242853,
0.238843,0.238177,0.238333,
0.240789,0.240867,0.241165,
0.238826,0.238250,0.239462,
0.242263,0.241861,0.242355,
0.237786,0.236726,0.237014,
0.233145,0.233776,0.232691,
0.233352,0.231563,0.233482,
0.229825,0.229791,0.230793,
0.230627,0.230181,0.230336,
0.230598,0.230745,0.231694,
0.232311,0.231845,0.232973,
0.233594,0.234455,0.236358,
0.236320,0.236058,0.236483,
0.236224,0.236639,0.236732,
0.234215,0.233486,0.233692,
0.232297,0.233678,0.232034,
0.227387,0.228438,0.228292,
0.233597,0.234134,0.235201,
0.233194,0.233103,0.233437,
0.229765,0.229642,0.229536,
0.232195,0.233058,0.233433,
0.231388,0.233212,0.232701,
0.235284,0.236153,0.236939,
0.235013,0.234320,0.234264,
0.235619,0.236231,0.236223,
0.245025,0.246311,0.246248,
0.242542,0.241702,0.241747,
0.240489,0.240166,0.241838,
0.245008,0.245778,0.245017,
0.240991,0.241808,0.242298,
0.241475,0.241648,0.241552,
0.235741,0.234522,0.235950,
0.235836,0.235474,0.235647,
0.231249,0.232502,0.231416,
0.230918,0.231675,0.230823,
0.232152,0.232065,0.232526,
0.233424,0.233796,0.234539,
0.233825,0.234446,0.234673,
0.235065,0.235576,0.236103,
0.236477,0.235213,0.236847,
0.233549,0.232969,0.233249,
0.236370,0.236440,0.236957,
0.233412,0.234556,0.233344,
0.226919,0.226686,0.226357,
0.226771,0.226647,0.227814,
0.236020,0.236276,0.236197,
0.244407,0.245469,0.245786,
0.249112,0.248544,0.248871,
0.247623,0.249068,0.249013,
0.239100,0.239602,0.238805,
0.238616,0.238758,0.238957,
0.234223,0.234666,0.232803,
0.232318,0.231535,0.232871,
0.227761,0.228076,0.228236,
0.226920,0.227481,0.227356,
0.232143,0.232479,0.232562,
0.234608,0.234662,0.235884,
0.226608,0.227033,0.226350,
0.235063,0.235123,0.235257,
0.225473,0.226416,0.226111,
0.228603,0.229012,0.229497,
0.239646,0.240474,0.243323,
0.244645,0.243741,0.246291,
0.238083,0.238793,0.238824,
0.242439,0.242905,0.242820,
0.243989,0.243718,0.243788,
0.240236,0.240392,0.238325,
0.244376,0.243449,0.244870,
0.231880,0.230900,0.230039,
0.234411,0.234620,0.234940,
0.227225,0.226428,0.227151,
0.234043,0.234967,0.234314,
0.234159,0.233639,0.235191,
0.229542,0.230630,0.228986,
0.234907,0.233883,0.233793,
0.240777,0.239934,0.240598,
0.234582,0.234896,0.234824,
0.234606,0.233965,0.233823,
0.233726,0.234631,0.234740,
0.235959,0.235226,0.235732,
0.235187,0.234600,0.235059,
0.237597,0.237822,0.237602,
0.234725,0.234951,0.235336,
0.234405,0.234952,0.234733,
0.234925,0.234905,0.235465,
0.235598,0.235493,0.235222,
0.235399,0.234915,0.235089,
0.234670,0.233851,0.234631,
0.235285,0.236795,0.237173,
0.236222,0.236550,0.236000,
0.233610,0.233995,0.235162,
0.234907,0.234712,0.234539,
0.234941,0.235314,0.235087,
0.233358,0.234772,0.236184,
0.234602,0.234937,0.235582,
0.235664,0.235169,0.235823,
0.234947,0.235254,0.234894,
0.235239,0.234492,0.235049,
0.235303,0.235523,0.234488,
0.230882,0.231393,0.231832,
0.234011,0.235183,0.235914,
0.236036,0.235934,0.235381,
0.236287,0.235673,0.236143,
0.237798,0.237391,0.237261,
0.235761,0.234795,0.234415,
0.237102,0.236945,0.237234,
0.236356,0.235874,0.236348,
0.234914,0.234570,0.234624,
0.235266,0.235407,0.235736,
0.236225,0.235945,0.235311,
0.237068,0.236816,0.236486,
0.239634,0.239438,0.239953,
0.237642,0.236241,0.236378,
0.234971,0.235712,0.235183,
0.235229,0.234833,0.234831,
0.233986,0.233881,0.234122,
0.233039,0.233133,0.233919,
0.236782,0.236061,0.236498,
0.233881,0.233801,0.233927,
0.235372,0.235224,0.234965,
0.234110,0.234522,0.235461,
0.235729,0.234951,0.234150,
0.235033,0.235743,0.235165,
0.233500,0.232516,0.232432,
0.234675,0.235634,0.235277,
0.237480,0.237765,0.236294,
0.234336,0.234665,0.235441,
0.235753,0.235903,0.235806,
0.233233,0.233818,0.234602,
0.234214,0.234095,0.234258,
0.232437,0.234268,0.232841,
0.235119,0.236396,0.236682,
0.235923,0.236465,0.236157,
0.237494,0.236540,0.236872,
0.236049,0.235879,0.236305,
0.235510,0.235398,0.236229,
0.235142,0.235508,0.235062,
0.238115,0.238524,0.238203,
0.238088,0.238145,0.237478,
0.237050,0.236372,0.237758,
0.236709,0.236212,0.236591,
0.237577,0.236273,0.237014,
0.235926,0.237353,0.237785,
0.237464,0.237409,0.237442,
0.236334,0.236126,0.236342,
0.236086,0.236346,0.237143,
0.236642,0.236349,0.237326,
0.241704,0.241527,0.242840,
0.243192,0.242963,0.242505,
0.238639,0.237858,0.238260,
0.235780,0.237167,0.236164,
0.237880,0.239504,0.238388,
0.233252,0.233600,0.233695,
0.237061,0.235956,0.237120,
0.240485,0.241146,0.240438,
0.237663,0.238519,0.237243,
0.238059,0.237819,0.237257,
0.235820,0.236257,0.237058,
0.235211,0.235302,0.234771,
0.236870,0.236540,0.235305,
0.240089,0.239505,0.239358,
0.235675,0.235094,0.236029,
0.234500,0.234455,0.234691,
0.236016,0.236407,0.236073,
0.235079,0.235669,0.235890,
0.237075,0.236135,0.236665,
0.238870,0.237993,0.238204,
0.234791,0.235193,0.235152,
0.235250,0.235324,0.235110,
0.234957,0.235295,0.234841,
0.234912,0.236017,0.235115,
0.226452,0.225877,0.225045,
0.233652,0.234962,0.235515,
0.234839,0.235050,0.235281,
0.235334,0.235701,0.235547,
0.234453,0.233976,0.234378,
0.236348,0.235798,0.235897,
0.234898,0.235437,0.234409,
0.233333,0.232596,0.234778,
0.235043,0.234708,0.235567,
0.233826,0.235491,0.235308,
0.234640,0.235571,0.234796,
0.234905,0.233491,0.234367,
0.236081,0.235749,0.236797,
0.232122,0.230959,0.231364,
0.234606,0.235030,0.235082,
0.235193,0.235287,0.236250,
0.234020,0.234430,0.235052,
0.232961,0.235565,0.234913,
0.234573,0.233998,0.233718,
0.233393,0.233381,0.234127,
0.233786,0.234942,0.234910,
0.234473,0.233818,0.233931,
0.234988,0.236171,0.235403,
0.233641,0.233949,0.234332,
0.235762,0.236024,0.235398,
0.233612,0.232663,0.234557,
0.237437,0.236596,0.236690,
0.234378,0.234766,0.234666,
0.234401,0.234690,0.234879,
0.236768,0.235836,0.237128,
0.236317,0.236061,0.236762,
0.235101,0.235628,0.235326,
0.239037,0.240059,0.239952,
0.236827,0.236663,0.236241,
0.235218,0.234312,0.235346,
0.235720,0.235774,0.235805,
0.235198,0.235230,0.234426,
0.234548,0.235637,0.235837,
0.237554,0.238241,0.238074,
0.233468,0.234789,0.235336,
0.235199,0.234621,0.235998,
0.234193,0.235494,0.235974,
0.235219,0.236150,0.235389,
0.233699,0.234395,0.233599,
0.231963,0.231641,0.232376,
0.234405,0.234222,0.234145,
0.232216,0.232482,0.232704,
0.235172,0.235123,0.235164,
0.233034,0.233397,0.234068,
0.235527,0.235689,0.236506,
0.229797,0.231940,0.232970,
0.235193,0.235452,0.236059,
0.236388,0.236796,0.237047,
0.236380,0.235313,0.235615,
0.237359,0.237222,0.238725,
0.235072,0.236111,0.236239,
0.232030,0.232324,0.231780,
0.234991,0.237190,0.238611,
0.236622,0.237028,0.237936,
0.238572,0.236721,0.237919,
0.237510,0.237852,0.235873,
0.242097,0.242397,0.243492,
0.236560,0.237095,0.238049,
0.240058,0.239522,0.239658,
0.235529,0.235910,0.237410,
0.235761,0.235818,0.236613,
0.238822,0.237880,0.238234,
0.237487,0.238666,0.237169,
0.239606,0.240857,0.239822,
0.226728,0.226726,0.225354,
0.230607,0.230326,0.231282,
0.230871,0.231415,0.230836,
0.231595,0.231873,0.233524,
0.236183,0.235289,0.237161,
0.239778,0.239938,0.239063,
0.233449,0.233799,0.233492,
0.233921,0.233898,0.233499,
0.233109,0.232973,0.233776,
0.231854,0.231698,0.232059,
0.232521,0.232622,0.232619,
0.229806,0.229567,0.229710,
0.232551,0.232777,0.232289,
0.230132,0.230863,0.229807,
0.235014,0.234415,0.235137,
0.237865,0.238836,0.238850,
0.238564,0.239949,0.240293,
0.247052,0.246868,0.246689,
0.239937,0.240479,0.240983,
0.244592,0.243996,0.244499,
0.242764,0.243388,0.242447,
0.236520,0.236800,0.236984,
0.231963,0.230907,0.232099,
0.230948,0.230872,0.230820,
0.229315,0.230027,0.228471,
0.229645,0.230586,0.230690,
0.231806,0.232454,0.232644,
0.235693,0.234751,0.235317,
0.231880,0.231695,0.231763,
0.232638,0.232460,0.232860,
0.230482,0.230830,0.229604,
0.228820,0.228886,0.228739,
0.230097,0.230245,0.230153,
0.230532,0.231705,0.232402,
0.232358,0.232356,0.233664,
0.236735,0.238345,0.237917,
0.238896,0.239827,0.239401,
0.241208,0.240964,0.241099,
0.244793,0.244914,0.245194,
0.240931,0.241058,0.241585,
0.241831,0.243035,0.242778,
0.242346,0.241795,0.242763,
0.235722,0.235472,0.234736,
0.233019,0.232051,0.232020,
0.229762,0.230181,0.230803,
0.230359,0.230279,0.230659,
0.239083,0.239641,0.239857,
0.236120,0.235813,0.236494,
0.236577,0.235563,0.236553,
0.236103,0.235817,0.235390,
0.232450,0.232420,0.231619,
0.227926,0.228488,0.229487,
0.231143,0.230323,0.231150,
0.230078,0.231146,0.230493,
0.229895,0.230161,0.231169,
0.246127,0.246415,0.246415,
0.247043,0.247986,0.248516,
0.243897,0.245243,0.244198,
0.240965,0.241208,0.241338,
0.237016,0.237545,0.237647,
0.228704,0.228448,0.228290,
0.229247,0.227899,0.229582,
0.229934,0.230464,0.229543,
0.226772,0.228661,0.228176,
0.235573,0.236581,0.236779,
0.234680,0.234093,0.233860,
0.254309,0.253660,0.255025,
0.236632,0.236771,0.235785,
0.229506,0.230233,0.230400,
0.228449,0.227607,0.229040,
0.228787,0.227796,0.228551,
0.234068,0.233602,0.234198,
0.230370,0.231226,0.231474,
0.234285,0.233290,0.234059,
0.231621,0.230954,0.231531,
0.235919,0.236938,0.236213,
0.234542,0.234554,0.234770,
0.236309,0.236111,0.235764,
0.235196,0.235486,0.235621,
0.235276,0.236019,0.235630,
0.235605,0.235836,0.234627,
0.235662,0.235783,0.235307,
0.233357,0.232670,0.232804,
0.235146,0.234532,0.234428,
0.235190,0.234602,0.235186,
0.235340,0.235856,0.236123,
0.239934,0.239091,0.237723,
0.235358,0.235679,0.234448,
0.234950,0.234584,0.236106,
0.235387,0.235907,0.235847,
0.235430,0.235824,0.234880,
0.231917,0.231119,0.232385,
0.233545,0.233666,0.234236,
0.236386,0.236980,0.237207,
0.235045,0.235889,0.237235,
0.233701,0.233792,0.234372,
0.234741,0.235494,0.235760,
0.235811,0.236303,0.237315,
0.233127,0.233822,0.233709,
0.230639,0.230619,0.231544,
0.237561,0.235848,0.236710,
0.235411,0.235652,0.235791,
0.237230,0.237693,0.238442,
0.236762,0.236468,0.235257,
0.235641,0.237089,0.236787,
0.234883,0.234024,0.233908,
0.238125,0.235050,0.235708,
0.233811,0.234672,0.235389,
0.235263,0.235199,0.235556,
0.238183,0.237261,0.236935,
0.234485,0.235274,0.233782,
0.228095,0.227675,0.226826,
0.236451,0.235552,0.236687,
0.235009,0.236081,0.236107,
0.234018,0.233646,0.233756,
0.232965,0.232428,0.233572,
0.235528,0.235835,0.235471,
0.235317,0.235763,0.236237,
0.239298,0.238824,0.238435,
0.235697,0.235154,0.235389,
0.235757,0.236363,0.236466,
0.236876,0.237291,0.237545,
0.234031,0.233475,0.232742,
0.235584,0.235029,0.234735,
0.236211,0.236025,0.236300,
0.236364,0.237157,0.236627,
0.234879,0.235185,0.236435,
0.237428,0.237468,0.237529,
0.236285,0.237029,0.236108,
0.238489,0.238356,0.239540,
0.238365,0.237768,0.237581,
0.234450,0.234975,0.234668,
0.235172,0.235029,0.235212,
0.235115,0.235653,0.236516,
0.236827,0.237356,0.237253,
0.234277,0.235112,0.234736,
0.236845,0.236976,0.237806,
0.236900,0.237252,0.236749,
0.234283,0.234251,0.233969,
0.233217,0.231785,0.231679,
0.235014,0.235069,0.235978,
0.236372,0.237002,0.236179,
0.231854,0.230851,0.229889,
0.236628,0.238201,0.238552,
0.238405,0.239041,0.236211,
0.232095,0.231457,0.232863,
0.234960,0.235928,0.236539,
0.238256,0.237452,0.236433,
0.235073,0.234263,0.233857,
0.237662,0.236395,0.236802,
0.235686,0.236510,0.236829,
0.236959,0.235472,0.235141,
0.238608,0.237336,0.237590,
0.234546,0.234334,0.233490,
0.234243,0.232694,0.232379,
0.236621,0.235791,0.238441,
0.233427,0.233952,0.233625,
0.235462,0.234897,0.234447,
0.235935,0.235430,0.235140,
0.236228,0.236070,0.235289,
0.233330,0.233650,0.233533,
0.236117,0.236365,0.237174,
0.235667,0.235631,0.236057,
0.236307,0.236788,0.237528,
0.235843,0.236342,0.237360,
0.234501,0.234766,0.234789,
0.235497,0.236290,0.237059,
0.235965,0.236995,0.237599,
0.234029,0.235641,0.235801,
0.235319,0.233817,0.235377,
0.234958,0.235255,0.235610,
0.234685,0.236570,0.236606,
0.239694,0.238288,0.237606,
0.236075,0.234852,0.234673,
0.233010,0.234055,0.234458,
0.236805,0.236216,0.236443,
0.235422,0.235469,0.235150,
0.235003,0.235132,0.235212,
0.237756,0.237619,0.237744,
0.237425,0.236922,0.236496,
0.235232,0.236225,0.236328,
0.236499,0.237098,0.237860,
0.236072,0.234387,0.234484,
0.236397,0.236912,0.236975,
0.235263,0.234292,0.234241,
0.233262,0.233312,0.233503,
0.238942,0.238025,0.236794,
0.232452,0.234457,0.235114,
0.236700,0.236682,0.236908,
0.235701,0.236207,0.233518,
0.233665,0.233476,0.234254,
0.236363,0.235853,0.236575,
0.235563,0.236459,0.236042,
0.236457,0.237012,0.234855,
0.234190,0.233965,0.234798,
0.233004,0.233266,0.235165,
0.233097,0.235003,0.235722,
0.231023,0.230583,0.232397,
0.235423,0.235481,0.234933,
0.235899,0.235400,0.237002,
0.236004,0.234489,0.234803,
0.235618,0.235481,0.235979,
0.235738,0.236432,0.236454,
0.235230,0.234340,0.235360,
0.235379,0.234349,0.234891,
0.235220,0.235556,0.235776,
0.235887,0.236413,0.238236,
0.232919,0.233265,0.234335,
0.235898,0.236428,0.236329,
0.238425,0.237924,0.239537,
0.233585,0.233481,0.233898,
0.240301,0.241052,0.241089,
0.233315,0.233519,0.235167,
0.236646,0.237416,0.237933,
0.235681,0.235233,0.234614,
0.235348,0.237122,0.238960,
0.238796,0.238013,0.237515,
0.236696,0.237014,0.237337,
0.235515,0.235003,0.234720,
0.236344,0.235581,0.235467,
0.232751,0.234188,0.234797,
0.238012,0.238153,0.239552,
0.237983,0.238414,0.238372,
0.236023,0.235510,0.236222,
0.231781,0.232448,0.232098,
0.235725,0.235761,0.235777,
0.232510,0.232737,0.233343,
0.236668,0.238608,0.238059,
0.232311,0.231565,0.231066,
0.236969,0.236154,0.234827,
0.233619,0.234136,0.233395,
0.235755,0.234301,0.233393,
0.234406,0.235207,0.235969,
0.235429,0.236216,0.235880,
0.236221,0.235783,0.236291,
0.233363,0.232716,0.233272,
0.235730,0.236529,0.236630,
0.233656,0.233080,0.233598,
0.234980,0.234733,0.235142,
0.236697,0.237207,0.236609,
0.236235,0.235234,0.236550,
0.239252,0.238907,0.238592,
0.233858,0.233938,0.233699,
0.235065,0.235436,0.235906,
0.238130,0.238209,0.239318,
0.232978,0.234179,0.232958,
0.233669,0.234974,0.236355,
0.236542,0.236647,0.236842,
0.235401,0.235181,0.235109,
0.232724,0.232042,0.233672,
0.235909,0.235592,0.236358,
0.235361,0.234052,0.233286,
0.236500,0.235111,0.235769,
0.236497,0.236387,0.236853,
0.234449,0.233584,0.235849,
0.235645,0.236473,0.237019,
0.236067,0.234465,0.233262,
0.235208,0.235686,0.235711,
0.239852,0.239928,0.239017,
0.235542,0.236245,0.235440,
0.234046,0.234064,0.233310,
0.235501,0.235865,0.236801,
0.236215,0.235881,0.236796,
0.235615,0.235649,0.234899,
0.236030,0.235164,0.236137,
0.237682,0.237387,0.236508,
0.231796,0.234010,0.235361,
0.234731,0.234384,0.235830,
0.234367,0.234070,0.234449,
0.233611,0.234357,0.233428,
0.234400,0.234848,0.235834,
0.232102,0.231950,0.231882,
0.237999,0.238193,0.236841,
0.236109,0.235681,0.235532,
0.235052,0.236021,0.235140,
0.234829,0.236073,0.236815,
0.237135,0.236138,0.236461,
0.229535,0.229654,0.228595,
0.236008,0.236063,0.236469,
0.235981,0.236186,0.237017,
0.234418,0.234247,0.232715,
0.233842,0.233776,0.232969,
0.235608,0.235295,0.235518,
0.230180,0.230548,0.230226,
0.234943,0.236375,0.237694,
0.236622,0.236229,0.236852,
0.236018,0.236596,0.236530,
0.234729,0.233592,0.233871,
0.234247,0.234877,0.236305,
0.235424,0.236222,0.237100,
0.235926,0.235522,0.236186,
0.235632,0.236194,0.236871,
0.235280,0.235597,0.235767,
0.234646,0.233187,0.233025,
0.235202,0.235481,0.236060,
0.236618,0.238006,0.237918,
0.237464,0.237784,0.237881,
0.234807,0.234744,0.234655,
0.236626,0.237350,0.237018,
0.234649,0.233861,0.233998,
0.235674,0.235314,0.234697,
0.237801,0.239081,0.238140,
0.235395,0.236095,0.236804,
0.238545,0.237661,0.237898,
0.233986,0.233955,0.234456,
0.235996,0.235566,0.235308,
0.234247,0.234231,0.233179,
0.235757,0.235287,0.234987,
0.239213,0.239727,0.239385,
0.237498,0.236924,0.237624,
0.235785,0.235861,0.235604,
0.235881,0.236805,0.237108,
0.235429,0.234792,0.235272,
0.236179,0.236293,0.236187,
0.233519,0.234558,0.234580,
0.235498,0.235204,0.235456,
0.236697,0.236306,0.235426,
0.237151,0.237322,0.237038,
0.237212,0.236845,0.238438,
0.234181,0.235144,0.236653,
0.232137,0.232183,0.231778,
0.233665,0.235281,0.235833,
0.232727,0.234237,0.235095,
0.233429,0.232901,0.234595,
0.237800,0.237437,0.237364,
0.232840,0.233590,0.233412,
0.232710,0.232162,0.232552,
0.235793,0.235983,0.236494,
0.235922,0.235035,0.235217,
0.235267,0.235715,0.236454,
0.236055,0.236645,0.237159,
0.234518,0.235641,0.235789,
0.237320,0.237777,0.237572,
0.237341,0.238331,0.238674,
0.237945,0.237982,0.237482,
0.233247,0.233237,0.233973,
0.236331,0.235839,0.235865,
0.235948,0.236377,0.236647,
0.238568,0.237371,0.238767,
0.235779,0.234823,0.234399,
0.232950,0.234257,0.235922,
0.235948,0.235916,0.235584,
0.235856,0.237150,0.237875,
0.234259,0.235271,0.235637,
0.237678,0.237035,0.237454,
0.235976,0.236471,0.236507,
0.236717,0.237347,0.238124,
0.234791,0.233907,0.233927,
0.236077,0.235818,0.236038,
0.237755,0.236642,0.237479,
0.234271,0.234824,0.234945,
0.230047,0.231356,0.232864,
0.236551,0.237215,0.238202,
0.231547,0.231540,0.230867,
0.234739,0.235275,0.234790,
0.232216,0.232359,0.234647,
0.235536,0.236072,0.235555,
0.233279,0.232775,0.233295,
0.233701,0.234479,0.235419,
0.235585,0.235218,0.235233,
0.233322,0.233342,0.233676,
0.235080,0.235641,0.236034,
0.234385,0.234282,0.234550,
0.236935,0.235879,0.238149,
0.237087,0.237429,0.238152,
0.234703,0.234502,0.234090,
0.235281,0.235492,0.235973,
0.238727,0.239155,0.238385,
0.235213,0.235425,0.235511,
0.229004,0.228043,0.229865,
0.233883,0.234829,0.235152,
0.235489,0.235922,0.236895,
0.233385,0.234360,0.235834,
0.234846,0.234303,0.233312,
0.236020,0.235965,0.235882,
0.238912,0.239119,0.239071,
0.235633,0.233714,0.233983,
0.233529,0.233240,0.233921,
0.238017,0.236494,0.235092,
0.233076,0.234239,0.236063,
0.237657,0.237266,0.237725,
0.241316,0.241150,0.242275,
0.239367,0.239365,0.238695,
0.238395,0.237618,0.237660,
0.232091,0.232596,0.235698,
0.234397,0.233662,0.233873,
0.234406,0.234305,0.234241,
0.237965,0.239004,0.240622,
0.237362,0.237629,0.237780,
0.236580,0.236419,0.236436,
0.234466,0.234488,0.234772,
0.238329,0.239136,0.237973,
0.236361,0.236430,0.236701,
0.237619,0.237660,0.238226,
0.236875,0.237137,0.237568,
0.235976,0.237436,0.237576,
0.237087,0.236016,0.235572,
0.233425,0.234898,0.234603,
0.234955,0.235461,0.235466,
0.234202,0.235060,0.235715,
0.234974,0.234844,0.235220,
0.236138,0.236170,0.236742,
0.236716,0.237049,0.237582,
0.236312,0.236397,0.236892,
0.235291,0.234743,0.234473,
0.233850,0.233503,0.234062,
0.232272,0.233303,0.234155,
0.234827,0.234167,0.234392,
0.235140,0.235316,0.235662,
0.236432,0.236650,0.236717,
0.236080,0.235963,0.236764,
0.236707,0.236480,0.236985,
0.230167,0.231886,0.232890,
0.237321,0.237220,0.236827,
0.235867,0.235866,0.235775,
0.236035,0.236579,0.236074,
0.235529,0.235889,0.235886,
0.236551,0.236409,0.236452,
0.235948,0.235766,0.236170,
0.236951,0.236053,0.235749,
0.236407,0.236054,0.236364,
0.237545,0.237003,0.236227,
0.235856,0.236235,0.237016,
0.237129,0.237240,0.237450,
0.239955,0.239911,0.240141,
0.234357,0.236484,0.237476,
0.235940,0.235671,0.236107,
0.236659,0.236710,0.237169,
0.238064,0.238486,0.238174,
0.237273,0.235821,0.236597,
0.239916,0.240223,0.239134,
0.238836,0.238174,0.237599,
0.236944,0.235470,0.234781,
0.235128,0.235815,0.235835,
0.236276,0.236265,0.236703,
0.237900,0.237884,0.239095,
0.238721,0.238652,0.237758,
0.237404,0.237303,0.236978,
0.236403,0.237200,0.237477,
0.235839,0.235754,0.236068,
0.238044,0.238799,0.236332,
0.235022,0.233746,0.235459,
0.235801,0.235485,0.235897,
0.232763,0.231692,0.232505,
0.236920,0.236075,0.236181,
0.237604,0.236863,0.237393,
0.236319,0.237447,0.238081,
0.237810,0.238846,0.239154,
0.239603,0.240741,0.241030,
0.235004,0.235456,0.235703,
0.235978,0.236393,0.236511,
0.234262,0.233151,0.233351,
0.237152,0.236814,0.236297,
0.238066,0.238334,0.238230,
0.235886,0.236496,0.236314,
0.229984,0.230015,0.229279,
0.233415,0.232709,0.234841,
0.234373,0.234823,0.235789,
0.233932,0.233859,0.233557,
0.235742,0.235036,0.234425,
0.236059,0.236628,0.236898,
0.238623,0.238965,0.238287,
0.234761,0.233990,0.234369,
0.235210,0.235421,0.235587,
0.234039,0.233954,0.234023,
0.237243,0.236182,0.237298,
0.232954,0.234276,0.236435,
0.239644,0.239380,0.239111,
0.238867,0.239326,0.239585,
0.236242,0.236575,0.237158,
0.234102,0.235579,0.235946,
0.235504,0.235550,0.237087,
0.236922,0.236740,0.237094,
0.237424,0.238176,0.237557,
0.235567,0.236243,0.236240,
0.236107,0.237255,0.238205,
0.236429,0.237307,0.237405,
0.236813,0.237106,0.235982,
0.233572,0.233855,0.235829,
0.236605,0.237314,0.237911,
0.234596,0.236499,0.236720,
0.233819,0.233411,0.233601,
0.235700,0.235552,0.235788,
0.236294,0.236834,0.236274,
0.236358,0.237579,0.238872,
0.233376,0.233266,0.232639,
0.237222,0.237318,0.237013,
0.238366,0.237340,0.236983,
0.235383,0.236176,0.236449,
0.234513,0.235450,0.235975,
0.236240,0.236325,0.235717,
0.237945,0.237757,0.236148,
0.234042,0.234759,0.234617,
0.235846,0.235081,0.235497,
0.232777,0.233260,0.234135,
0.234580,0.235079,0.235526,
0.237179,0.236051,0.236375,
0.235907,0.235724,0.236655,
0.237999,0.235775,0.236982,
0.236000,0.234892,0.235244,
0.233185,0.233047,0.235129,
0.236017,0.236715,0.236369,
0.236758,0.236906,0.237448,
0.235686,0.236256,0.235527,
0.235070,0.234520,0.234497,
0.238103,0.238975,0.238793,
0.237312,0.238042,0.237958,
0.235806,0.235650,0.236478,
0.235966,0.235141,0.236319,
0.233166,0.233141,0.234125,
0.240704,0.240862,0.240964,
0.236634,0.236186,0.237280,
0.236587,0.236902,0.236429,
0.238543,0.237751,0.237450,
0.238524,0.238887,0.238470,
0.236338,0.235939,0.236880,
0.237618,0.237570,0.238488,
0.238047,0.237150,0.236556,
0.235904,0.235769,0.236676,
0.232922,0.233420,0.233943,
0.236360,0.236757,0.235735,
0.238009,0.238382,0.238428,
0.236480,0.236267,0.236610,
0.235270,0.236126,0.236168,
0.236832,0.236472,0.236783,
0.235013,0.234210,0.234044,
0.236146,0.236881,0.236558,
0.232394,0.233237,0.235369,
0.236530,0.236350,0.236355,
0.230780,0.230535,0.230461,
0.237206,0.234928,0.235932,
0.233795,0.234992,0.235156,
0.233541,0.233783,0.235345,
0.237580,0.237715,0.237658,
0.235713,0.235488,0.235807,
0.235310,0.236404,0.235134,
0.236771,0.236475,0.236581,
0.233807,0.235349,0.235372,
0.235981,0.237061,0.236733,
0.236575,0.236818,0.236933,
0.234786,0.232636,0.233043,
0.231280,0.233033,0.233339,
0.236741,0.237196,0.237460,
0.237288,0.237480,0.237408,
0.233087,0.233378,0.234019,
0.234258,0.233738,0.233930,
0.236362,0.236154,0.237026,
0.236203,0.235128,0.235941,
0.235302,0.235817,0.236312,
0.238283,0.236787,0.236634,
0.236172,0.235886,0.236068,
0.236915,0.238385,0.238754,
0.232451,0.232296,0.233070,
0.238890,0.238862,0.239586,
0.237350,0.235943,0.236231,
0.237288,0.238314,0.238547,
0.236252,0.236211,0.235716,
0.234826,0.234793,0.235390,
0.233672,0.233192,0.233647,
0.234326,0.234008,0.234201,
0.239235,0.238832,0.239586,
0.237900,0.237826,0.238377,
0.236608,0.236479,0.236446,
0.237603,0.236502,0.236502,
0.235803,0.237534,0.237512,
0.235899,0.236566,0.237112,
0.238781,0.239758,0.239889,
0.236333,0.236027,0.236990,
0.233695,0.233933,0.235559,
0.236633,0.236842,0.237262,
0.236883,0.236036,0.236963,
0.232148,0.230866,0.231404,
0.236512,0.236073,0.237334,
0.235225,0.236266,0.236550,
0.235799,0.235623,0.235882,